s,e,c
s,e,c,r,e,t,a,r,y
s,u,b,s,e,c,t,i,o,n
u,n,i,t,e,d
t,i,t,l,e
p,a,r,a,g,r,a,p,h
f,u,n,d,s
a,m,e,n,d,e,d
i,n,s,e,r,t,i,n,g
u,s,c
p,r,o,g,r,a,m
s,t,r,i,k,i,n,g
l,a,w
f,i,s,c,a,l
f,e,d,e,r,a,l
p,u,b,l,i,c
a,c,t
i,n,c,l,u,d,i,n,g
d,e,f,e,n,s,e
f,u,r,t,h,e,r
p,a,g,e
d,e,p,a,r,t,m,e,n,t
s,t,a,t
n,a,t,i,o,n,a,l
i,i
a,s,s,i,s,t,a,n,c,e
e,x,p,e,n,s,e,s
c,o,d,e
h,e,a,l,t,h
c,o,n,g,r,e,s,s
s,u,b,p,a,r,a,g,r,a,p,h
s,e,c,u,r,i,t,y
a,u,t,h,o,r,i,z,e,d
a,p,p,r,o,p,r,i,a,t,i,o,n,s
t,e,r,m
a,g,e,n,c,y
p,u,r,p,o,s,e,s
a,c,t,i,v,i,t,i,e,s
r,e,p,o,r,t
p,l,a,n
a,p,p,r,o,p,r,i,a,t,e,d
s,e,c,t,i,o,n
d,e,v,e,l,o,p,m,e,n,t
p,e,r,i,o,d
p,u,r,s,u,a,n,t
f,u,n,d
r,e,s,p,e,c,t
p,r,o,g,r,a,m,s
s,e,n,a,t,e
m,i,l,i,t,a,r,y
p,r,o,j,e,c,t
h,o,u,s,e
p,r,o,v,i,d,e,d
r,e,m,a,i,n
p,e,r,s,o,n
o,f,f,i,c,e
g,o,v,e,r,n,m,e,n,t
f,o,r,e,i,g,n
e,m,e,r,g,e,n,c,y
p,r,o,v,i,d,e
c,o,m,m,i,s,s,i,o,n
e,n,a,c,t,m,e,n,t
c,o,n,s,t,r,u,c,t,i,o,n
a,u,t,h,o,r,i,t,y
a,m,o,u,n,t,s
c,o,m,m,i,t,t,e,e
e,d,u,c,a,t,i,o,n
f,o,l,l,o,w,i,n,g
h,o,u,s,i,n,g
e,x,p,e,n,d,e,d
i,n,d,i,v,i,d,u,a,l
a,i,r
p,e,r,c,e,n,t
e,l,i,g,i,b,l,e
t,a,x,a,b,l,e
r,e,q,u,i,r,e,m,e,n,t,s
p,r,e,s,i,d,e,n,t
s,e,p,t,e,m,b,e,r
r,e,q,u,i,r,e,d
h,e,a,d,i,n,g
a,g,r,e,e,m,e,n,t
m,a,n,a,g,e,m,e,n,t
c,h,a,p,t,e,r
a,d,m,i,n,i,s,t,r,a,t,i,o,n
a,p,p,l,y
e,n,e,r,g,y
c,a,r,e
p,r,o,p,e,r,t,y
d,a,y,s
i,i,i
l,o,c,a,l
t,r,a,n,s,p,o,r,t,a,t,i,o,n
s,u,p,p,o,r,t
c,o,m,m,i,t,t,e,e,s
i,n,s,u,r,a,n,c,e
r,e,l,a,t,i,n,g
a,d,d,i,t,i,o,n,a,l
t,r,a,n,s,f,e,r
s,t,a,t,e,s
e,x,c,e,e,d
r,e,p,r,e,s,e,n,t,a,t,i,v,e,s
a,p,p,l,i,c,a,b,l,e
c,o,s,t,s
a,d,d,i,n,g
y,e,a,r
p,r,o,v,i,s,i,o,n
d,i,r,e,c,t,o,r
c,a,r,r,y
t,a,x
b,u,d,g,e,t
p,r,o,v,i,s,i,o,n,s
a,c,t,i,o,n
c,r,e,d,i,t
a,c,c,o,u,n,t
w,a,t,e,r
l,o,a,n
g,r,a,n,t,s
a,r,m,y
f,a,c,i,l,i,t,i,e,s
c,o,u,r,t
c,o,n,t,r,o,l
p,a,y,m,e,n,t
p,r,o,j,e,c,t,s
t,r,a,i,n,i,n,g
a,d,m,i,n,i,s,t,r,a,t,o,r
a,s
o,p,e,r,a,t,i,o,n
a,g,e,n,c,i,e,s
c,o,r,p,o,r,a,t,i,o,n
g,r,a,n,t
b,o,a,r,d
i,n,t,e,r,n,a,t,i,o,n,a,l
v,e,t,e,r,a,n,s
c,o,s,t
i,n,c,l,u,d,e
c,l,a,u,s,e
c,o,n,t,r,a,c,t
e,f,f,e,c,t,i,v,e
s,u,b,j,e,c,t
f,i,n,a,n,c,i,a,l
i,n,t,e,l,l,i,g,e,n,c,e
m,a,i,n,t,e,n,a,n,c,e
r,e,v,i,e,w
f,o,r,c,e
e,s,t,a,b,l,i,s,h,e,d
e,n,t,i,t,y
e,m,p,l,o,y,e,e
a,p,p,l,i,c,a,t,i,o,n
l,a,n,d
d,e,t,e,r,m,i,n,e,d
r,e,g,u,l,a,t,i,o,n,s
a,m,e,n,d,m,e,n,t,s
a,n,d
t,r,a,d,e
s,u,b,t,i,t,l,e
p,a,y,m,e,n,t,s
d,r,u,g
d,e,f,i,n,e,d
i,n,d,i,v,i,d,u,a,l,s
t,e,c,h,n,o,l,o,g,y
f,o,r,c,e,s
o,r
s,t,a,t,e
d,e,c,e,m,b,e,r
q,u,a,l,i,f,i,e,d
f,a,c,i,l,i,t,y
a,c,q,u,i,s,i,t,i,o,n
p,e,r,s,o,n,n,e,l
o,p,e,r,a,t,i,o,n,s
r,a,t,e
e,q,u,i,p,m,e,n,t
a,p,p,r,o,p,r,i,a,t,i,o,n
c,h,i,l,d
t,r,a,n,s,f,e,r,r,e,d
e,n,v,i,r,o,n,m,e,n,t,a,l
i,n,c,o,m,e
p,a,y
a,r,m,e,d
a,d,m,i,n,i,s,t,r,a,t,i,v,e
o,r,g,a,n,i,z,a,t,i,o,n
a,u,t,h,o,r,i,z,a,t,i,o,n
s,e,r,v,i,c,e,s
s,u,b,m,i,t
m,e,d,i,c,a,l
t,h
c,o,v,e,r,e,d
c,o,n,g,r,e,s,s,i,o,n,a,l
e,x,t,e,n,t
r,e,s,e,r,v,e
o,f
s,a,f,e,t,y
b,e,n,e,f,i,t,s
n,u,c,l,e,a,r
d,i,s,t,r,i,c,t
f,a,m,i,l,y
r,e,l,i,e,f
t,r,u,s,t
e,m,p,l,o,y,m,e,n,t
t,o,t,a,l
d,e,s,i,g,n,a,t,e,d
h,o,m,e,l,a,n,d
p,r,o,t,e,c,t,i,o,n
i,v
p,r,o,c,u,r,e,m,e,n,t
a,t,t,o,r,n,e,y
e,x,t,e,n,s,i,o,n
d,e,t,e,r,m,i,n,e,s
r,e,q,u,i,r,e,m,e,n,t
c,o,n,s,i,d,e,r,e,d
p,u,r,p,o,s,e
h,u,m,a,n
s,t,u,d,y
p,r,o,c,e,d,u,r,e,s
r,e,f,e,r,r,e,d
s,p,e,c,i,a,l
e,d,u,c,a,t,i,o,n,a,l
e,m,p,l,o,y,e,e,s
j,o,i,n,t
l,o,a,n,s
d,e,t,e,r,m,i,n,a,t,i,o,n
t,h,a,t
r,i,g,h,t,s
p,r,i,o,r
r,e,q,u,e,s,t
d,i,v,i,s,i,o,n
s,h,a,l,l
c,o,m,p,e,n,s,a,t,i,o,n
s,e,q
s,c,h,o,o,l
f,o,o,d
r,e,s,o,l,u,t,i,o,n
b,a,s,i,s
s,a,l,a,r,i,e,s
s,o,c,i,a,l
c,e,n,t,e,r
p,o,l,i,c,y
p,r,i,v,a,t,e
o,f,f,i,c,e,r
s,e,c,t,i,o,n,s
c,o,u,n,t,r,y
o,c,t,o,b,e,r
s,y,s,t,e,m,s
c,o,m,m,u,n,i,t,y
r,u,r,a,l
n,a,v,y
i,n,d,i,a,n
d,u,t,y
n,o,t,i,c,e
e,n,f,o,r,c,e,m,e,n,t
m,r
o,f,f,i,c,i,a,l
f,u,n,d,i,n,g
e,l,e,c,t,i,o,n
o,b,l,i,g,a,t,i,o,n
a,f,f,a,i,r,s
t,o
c,a,r,r,y,i,n,g
a,c,c,e,s,s
a,m,e,n,d,m,e,n,t
f,l,o,o,d
r,e,s,o,u,r,c,e,s
c,a,l,e,n,d,a,r
i,n,s,t,i,t,u,t,i,o,n
l,i,m,i,t,a,t,i,o,n
g,e,n,e,r,a,l,t,h,e
t,r,e,a,t,m,e,n,t
a,p,p,r,o,v,e,d
a,g,r,i,c,u,l,t,u,r,e
r,e,v,e,n,u,e
r,u,l,e
c,i,v,i,l
c,o,n,d,u,c,t
c,o,v,e,r,a,g,e
t,e,c,h,n,i,c,a,l
s,e,n,t,e,n,c,e
d,a,t,a
a,n,n,u,a,l
c,a,p,i,t,a,l
b,a,n,k
p,r,o,d,u,c,t,i,o,n
f,o,l,l,o,w,s
i,t,e,m
r,u,l,e,s
a,g,r,i,c,u,l,t,u,r,a,l
c,h,i,l,d,r,e,n
a,i,r,c,r,a,f,t
s,t,a,n,d,a,r,d,s
a,s,s,e,s,s,m,e,n,t
l,a,b,o,r
p,e,r,s,o,n,s
o,r,g,a,n,i,z,a,t,i,o,n,s
e,c,o,n,o,m,i,c
i,n,t,e,r,n,a,l
e,n,s,u,r,e
s,u,b,m,i,t,t,e,d
c,a,p,i,t,o,l
e,s,t,a,b,l,i,s,h
p,u,r,c,h,a,s,e
t,r,e,a,s,u,r,y
d,a,y
e,x,e,c,u,t,i,v,e
r,e,p,o,r,t,s
c,o,r,p,s
a,c,t,i,v,i,t,y
e,m,p,l,o,y,e,r
p,a,s,s,e,d
d,i,s,a,s,t,e,r
p,e,r,f,o,r,m,a,n,c,e
t,h,e
i,n,v,e,s,t,m,e,n,t
r,e,c,e,i,v,e,d
c,o,n,s,u,m,e,r
r,e,s,e,a,r,c,h
t,e,r,m,s
p,a,i,d
h,i,g,h,w,a,y
c,o,n,t,r,a,c,t,s
s,e,r,v,i,c,e
a,d,d,i,t,i,o,n
p,r,o,d,u,c,t
r,i,v,e,r
p,r,e,c,e,d,i,n,g
d,i,r,e,c,t
i,s,s,u,e,d
e,v,a,l,u,a,t,i,o,n
p,a,r,a,g,r,a,p,h,s
g,u,a,r,d
v,e,h,i,c,l,e,s
a,l,i,e,n
t,a,b,l,e
i,n,c,r,e,a,s,e
m,a,n,n,e,r
v,i,o,l,a,t,i,o,n
c,o,n,s,e,r,v,a,t,i,o,n
c,u,r,r,e,n,t
j,a,n,u,a,r,y
i,m,m,i,g,r,a,t,i,o,n
e,q,u,a,l
p,r,o,v,i,d,i,n,g
r,e,t,i,r,e,m,e,n,t
c,e,r,t,i,f,i,c,a,t,i,o,n
a,i,r,p,o,r,t
s,t,a,t,e,m,e,n,t
r,e,a,d
t,e,r,r,o,r,i,s,m
c,o,n,d,i,t,i,o,n,s
f,e,e,s
f,i,n,a,l
m,o,t,o,r
s,e,c,u,r,i,t,i,e,s
p,a,s,s,e,n,g,e,r
f,o,r
p,l,a,n,n,i,n,g
c,o,u,n,t,r,i,e,s
d,e,b,t,o,r
e,n,t,i,t,i,e,s
i,n,s,p,e,c,t,o,r
i,n,s,t,i,t,u,t,i,o,n,s
p,r,o,p,o,s,e,d
i,m,p,r,o,v,e,m,e,n,t
i,m,p,l,e,m,e,n,t,a,t,i,o,n
f,o,r,e,s,t
d,e,s,c,r,i,p,t,i,o,n
b,a,s,e,d
g,e,n,e,r,a,l
c,o,l,u,m,b,i,a
n,o,t,e
c,o,m,p,l,i,a,n,c,e
l,e,g,i,s,l,a,t,i,v,e
w,a,s,t,e
t,a,x,p,a,y,e,r
e,x,p,o,r,t
b,u,r,e,a,u
c,h,i,e,f
s,e,t
p,o,l,i,t,i,c,a,l
r,e,c,e,i,v,e
e,n,a,c,t,e,d
m,a,t,e,r,i,a,l
c,o,m,p,a,n,y
a,p,p,o,i,n,t,e,d
r,i,s,k
c,r,i,m,e
c,o,u,n,c,i,l
o,b,l,i,g,a,t,i,o,n,s
c,o,n,s,u,l,t,a,t,i,o,n
s,c,i,e,n,c,e
a,p,p,r,o,v,a,l
r,e,p,o,r,t,i,n,g
c,o,n,n,e,c,t,i,o,n
d,e,f,i,c,i,t
r,e,q,u,i,r,e
s,u,b,s,e,c,t,i,o,n,s
a,p,p,r,o,p,r,i,a,t,e
i,n,f,o,r,m,a,t,i,o,n
d,i,s,c,l,o,s,u,r,e
m,o,r,t,g,a,g,e
b,a,l,a,n,c,e,d
b,a,s,e
a,s,s,o,c,i,a,t,i,o,n
a,v,i,a,t,i,o,n
a,m,e,r,i,c,a,n
a,c,t,i,o,n,s
l,a,w,s
r,e,c,o,r,d
b,e,n,e,f,i,t
c,o,u,n,t,y
m,a,t,e,r,i,a,l,s
s,a,n,c,t,i,o,n,s
p,r,o,c,e,s,s
c,o,m,m,e,r,c,i,a,l
c,l,a,i,m
a,r,t,i,c,l,e
p,r,o,d,u,c,t,s
e,x,i,s,t,i,n,g
y,e,a,r,s
r,e,g,u,l,a,t,i,o,n
r,e,d,u,c,t,i,o,n
o,p,e,r,a,t,i,n,g
f,i,l,e,d
d,a,t,e,t,h,e
a,g,r,e,e,m,e,n,t,s
c,o,m,m,e,r,c,e
s,t,u,d,e,n,t,s
w,e,a,p,o,n,s
p,l,a,n,s
o,f,f,e,n,s,e
a,m,e,r,i,c,a
r,e,d,e,s,i,g,n,a,t,i,n,g
t,r,e,a,t,e,d
e,x,c,e,s,s
a,c,t,s
w,a,i,v,e,r
t,r,i,b,a,l
o,b,l,i,g,a,t,e,d
m,a,r,c,h
l,e,v,e,l
c,o,n,s,i,s,t,e,n,t
m,e,e,t
a,c,t,i,v,e
r,e,c,o,m,m,e,n,d,a,t,i,o,n,s
p,e,t,i,t,i,o,n
c,a,n,d,i,d,a,t,e
p,i,l,o,t
c,o,n,t,r,i,b,u,t,i,o,n,s
e,l,e,c,t,r,o,n,i,c
p,a,r,t,y
s,y,s,t,e,m
v,i,c,t,i,m,s
s,e,x,u,a,l
i,n
s,h,o,r,t
e,x,c,h,a,n,g,e
p,r,e,v,e,n,t,i,o,n
u,s
j,u,n,e
r,e,s,u,l,t
m,o,n,t,h,s
i,n,c,l,u,d,e,s
l,a,n,d,s
f,u,n,c,t,i,o,n,s
j,u,l,y
i,n,f,r,a,s,t,r,u,c,t,u,r,e
i,n,c,u,r,r,e,d
q,u,a,l,i,t,y
o,f,f,i,c,e,r,s
f,u,e,l
r,u,s,s,i,a,n
c,o,o,p,e,r,a,t,i,v,e
s,u,b,c,h,a,p,t,e,r
n,o,r,t,h
r,e,s,p,o,n,s,e
j,u,r,i,s,d,i,c,t,i,o,n
t,r,a,v,e,l
j,u,s,t,i,c,e
r,e,g,u,l,a,t,o,r,y
d,e,m,o,n,s,t,r,a,t,i,o,n
s,u,r,v,e,i,l,l,a,n,c,e
i,m,p,o,s,e,d
s,t,a,t,u,s
r,e,a,l
n,a,t,u,r,a,l
m,a,r,i,n,e
r,e,s,c,i,n,d,e,d
a,n,a,l,y,s,i,s
d,o,m,e,s,t,i,c
s,h,a,r,e
a,a
f,a,r,m
a,w,a,r,d
p,o,w,e,r
g,e,n,e,r,a,l,s,e,c,t,i,o,n
m,e,a,n,i,n,g
d,e,v,e,l,o,p
c,a,r,r,i,e,r
s,t
l,i,a,b,i,l,i,t,y
c,r,i,m,i,n,a,l
d,e,b,t
p,r,o,d,u,c,e,r
c,o,n,f,o,r,m,i,n,g
v,e,h,i,c,l,e
a,d,v,i,s,o,r,y
s,a,l,e
i,f
f,r,o,m
d,e,r,i,v,e,d
a,p,p,l,i,c,a,n,t
c,o,n,t,a,i,n,e,d
v,o,l
p,r,o,v,i,d,e,r
m,a,r,k,e,t
n,o,t,i,f,i,c,a,t,i,o,n
s,u,m,s
m,i,n,i,m,u,m
i,m,p,l,e,m,e,n,t
d,e,t,e,r,m,i,n,e
p,e,r,c,e,n,t,a,g,e
r,e,a,s,o,n,a,b,l,e
c,o,m,p,t,r,o,l,l,e,r
c,o,n,d,u,c,t,e,d
a,p,p,e,a,r,s
d,u,t,i,e,s
c,o,m,m,u,n,i,c,a,t,i,o,n,s
b,o,r,d,e,r
n,a,t,i,o,n,s
s,p,e,c,i,f,i,c
e,x,p,e,n,d,i,t,u,r,e,s
c,o,m,m,o,d,i,t,y
p,e,n,a,l,t,y
d,e,a,t,h
r,e,s,t,o,r,a,t,i,o,n
u,n,e,m,p,l,o,y,m,e,n,t
m,a,j,o,r
c,o,n,t,r,i,b,u,t,i,o,n
p,a,r,t,n,e,r,s,h,i,p
u,n,i,t
m,e,d,i,c,a,r,e
c,r,o,p
l,e,a,s,e
b,u,i,l,d,i,n,g,s
a,d,j,u,s,t,m,e,n,t
m,i,s,s,i,l,e
d,a,t,e
c,o,n,s,i,d,e,r,a,t,i,o,n
a,u,t,h,o,r,i,t,i,e,s
c,u,s,t,o,m,s
d,i,s,t,r,i,b,u,t,i,o,n
i,n,s,t,i,t,u,t,e
e,f,f,o,r,t,s
c,l,a,i,m,s
n,o,n,f,e,d,e,r,a,l
a,s,s,e,m,b,l,e,d
w,r,i,t,t,e,n
i,m,p,r,o,v,e,m,e,n,t,s
p,a,r,t,i,c,i,p,a,t,i,o,n
m,o,n,t,h
m,e,a,n,s
r,e,g,i,o,n,a,l
d,e,s,i,g,n
r,a,t,e,s
p,l,a,n,t
r,e,p,u,b,l,i,c
l,e,g,a,l
d,e,c,i,s,i,o,n
i,s,s,u,e
a,d,d,r,e,s,s
m,a,x,i,m,u,m
i,m,p,r,o,v,e
i,m,p,o,r,t
r,e,g,a,r,d
m,a,t,t,e,r
e,n,t,e,r,e,d
i,s,s,u,e,r
i,n,c,r,e,a,s,e,d
m,e,a,s,u,r,e,s
f,o,r,m
a,p,p,l,i,e,d
g,e,n,e,t,i,c
f,u,n,d,e,d
j,u,d,i,c,i,a,l
s,c,h,o,o,l,s
l,i,b,r,a,r,y
n,o
c,e,n,t,r,a,l
c,o,o,r,d,i,n,a,t,i,o,n
f,e,e
r,e,p,a,i,r
e,l,i,g,i,b,i,l,i,t,y
a,c,c,o,u,n,t,s
p,r,a,c,t,i,c,e,s
i,n,t,e,r,i,o,r
g,a,s
s,p,a,c,e
p,r,i,n,t,i,n,g
a,g,e
c,h,a,n,g,e
f,i,n,a,n,c,i,n,g
r,e,l,a,t,i,o,n,s
l,o,c,a,t,e,d
g,u,a,r,a,n,t,e,e
l,i,m,i,t,a,t,i,o,n,s
s,t,u,d,e,n,t
g,u,a,r,a,n,t,e,e,d
g,o,o,d
r,e,h,a,b,i,l,i,t,a,t,i,o,n
r,e,f,o,r,m
t,e,c,h,n,o,l,o,g,i,e,s
c,o,n,f,e,r,e,n,c,e
p,e,r,s,o,n,a,l
i,d,e,n,t,i,f,i,e,d
r,e,c,e,i,v,i,n,g
g,r,o,s,s
c,o,m,m,i,s,s,i,o,n,e,r
l,i,m,i,t
r,e,c,o,v,e,r,y
a,p,p,l,i,c,a,t,i,o,n,s
i,t,e,m,s
t,e,r,m,i,n,a,t,i,o,n
p,r,i,n,c,i,p,a,l
l,o,s,s
r,e,t,u,r,n
a,s,s,e,t,s
o,i,l
v,i,c,t,i,m
c,e,n,t,e,r,s
e,s,t,a,b,l,i,s,h,m,e,n,t
r,e,c,o,r,d,s
r,e,s,p,e,c,t,i,v,e,l,y
c,r,i,t,e,r,i,a
a,s,s,i,s,t,a,n,t
e,n,t,i,t,l,e,d
s,e,c,o,n,d,a,r,y
e,n,t,e,r
f,i,n,d,i,n,g,s
o,t,h,e,r
r,e,g,u,l,a,r
m,o,d,i,f,i,c,a,t,i,o,n
u,r,b,a,n
t,e,m,p,o,r,a,r,y
a,v,a,i,l,a,b,i,l,i,t,y
s,e,s,s,i,o,n
s,t,o,c,k
c,o,l,l,e,c,t,i,o,n
m,o,t,i,o,n
i,n,c,l,u,d,e,d
e,x,p,e,n,d,i,t,u,r,e
p,a,t,e,n,t
p,r,o,v,i,d,e,r,s
t,r,a,n,s,a,c,t,i,o,n
p,o,l,i,c,i,e,s
i,n,s,u,r,e,d
i,r,a,n
a,r,e,a
s,u,b,p,a,r,a,g,r,a,p,h,s
t,r,a,n,s,i,t
w,a,r
p,r,o,f,e,s,s,i,o,n,a,l
b,a,s,i,c
r,e,d,e,s,i,g,n,a,t,e,d
p,r,e,s,c,r,i,b,e,d
c,l,a,s,s
c,o,n,s,t,r,u,e,d
p,o,s,t,a,l
a,g,g,r,e,g,a,t,e
s,u,p,p,l,e,m,e,n,t,a,l
s,c,h,e,d,u,l,e
p,o,r,t,i,o,n
t,e,r,r,i,t,o,r,y
a,l,a,s,k,a
p,r,e,v,e,n,t
a,l,t,e,r,n,a,t,i,v,e
d,e,p,a,r,t,m,e,n,t,s
c,a,r,r,i,e,d
a,w,a,r,d,e,d
f,a,i,l,u,r,e
r,e,l,e,v,a,n,t
f,i,l,i,n,g
w,o,r,k,f,o,r,c,e
j,u,d,i,c,i,a,r,y
a,r,m,s
l,i,t,e,r,a,c,y
c,i,t,e,d
i,n,d,e,p,e,n,d,e,n,t
v,e,s,s,e,l
p,r,o,c,e,e,d,i,n,g
c,i,t,y
t,a,r,i,f,f
d,e,f,e,n,d,a,n,t
v,i,o,l,e,n,c,e
p,o,l,i,c,e
l,i,s,t
a,b,u,s,e
s,e,n,s,e
a,p,p,o,i,n,t,m,e,n,t
e,x,p,a,n,s,i,o,n
m,a,y
b,u,i,l,d,i,n,g
i,n,v,e,s,t,i,g,a,t,i,o,n
j,u,d,g,e
i,m,p,a,c,t
l,i,e,u
b,e,n,e,f,i,c,i,a,r,y
n,a,v,a,l
f,a,i,r
e,n,g,i,n,e,e,r,i,n,g
f,r,e,e,d,o,m
p,e,r,m,a,n,e,n,t
u,n,i,t,s
a,d,v,a,n,c,e
l,i,m,i,t,e,d
d,e,t,e,r,m,i,n,i,n,g
t,r,a,n,s,f,e,r,s
t,e,r,r,o,r,i,s,t
g,o,v,e,r,n,m,e,n,t,s
n,o,n,p,r,o,f,i,t
f,a,m,i,l,i,e,s
r,e,a,s,o,n
t,e,s,t,i,n,g
m,i,n,o,r,i,t,y
p,o,s,i,t,i,o,n
r,e,p,r,e,s,e,n,t,a,t,i,o,n
r,e,p,r,e,s,e,n,t,a,t,i,v,e
r,a,i,l
p,r,e,s,i,d,e,n,t,i,a,l
i,n,s,p,e,c,t,i,o,n
i,n,t,e,r,n,e,t
a,b,o,r,t,i,o,n
r,e,l,i,g,i,o,u,s
g,u,i,d,e,l,i,n,e,s
c,i,v,i,l,i,a,n
p,r,o,h,i,b,i,t,i,o,n
o,p,p,o,r,t,u,n,i,t,y
e,v,i,d,e,n,c,e
i,n,d,u,s,t,r,y
p,r,a,c,t,i,c,a,b,l,e
e,n,t,e,r,p,r,i,s,e
i,n,s,t,a,l,l,a,t,i,o,n
h,u,r,r,i,c,a,n,e
c,a,p,a,c,i,t,y
c,o,o,p,e,r,a,t,i,o,n
a,r,c,h,i,t,e,c,t
d,e,e,m,e,d
t,r,i,b,e
r,e,i,m,b,u,r,s,e,m,e,n,t
r,a,i,l,r,o,a,d
d,i,s,a,b,i,l,i,t,y
e,s,t,i,m,a,t,e,d
p,a,r,k
r,e,d,u,c,e,d
r,e,c,e,p,t,i,o,n
e,n,g,i,n,e,e,r,s
e,f,f,e,c,t,s
e,n,t,r,y
c,o,l,l,e,c,t,e,d
s,u,b,s,t,i,t,u,t,i,n,g
s,t,r,a,t,e,g,y
s,u,b,c,l,a,u,s,e
t,h,e,r,e,o,f
c,o,n,t,r,a,c,t,o,r
h,e,a,d
m,a,i,n,t,a,i,n
a,s,s,i,s,t
d,i,s,a,b,i,l,i,t,i,e,s
a,l,l,o,c,a,t,i,o,n
s,e,r,v,e
n,o,v,e,m,b,e,r
o,v,e,r,s,i,g,h,t
e,l,e,m,e,n,t,a,r,y
m,a,t,t,e,r,s
e,x,e,m,p,t,i,o,n
r,e,p,l,a,c,e,m,e,n,t
s,a,v,i,n,g,s
o,r,d,e,r
a,v,e,r,a,g,e
a,p,p,l,i,e,s
a,l,i,e,n,s
i,n,v,o,l,v,e,d
a,s,s,a,u,l,t
s,t,a,n,d,a,r,d
o,w,n,e,r
c,l,a,s,s,i,f,i,e,d
a,n,n,e,x
c,o,n,c,e,r,n,e,d
r,e,d,u,c,e
c,o,n,t,e,n,t,s
a,l,l,o,c,a,t,e,d
d,e,s,i,g,n,a,t,i,o,n
s,u,b,s,e,q,u,e,n,t
a,r,t,i,c,l,e,s
i,d,e,n,t,i,f,y
i,r,a,q
p,r,i,o,r,i,t,y
f,e,b,r,u,a,r,y
r,e,c,l,a,m,a,t,i,o,n
a,p,p,a,r,e,l
a,p,r,i,l
p,a,r,t,i,c,i,p,a,t,i,n,g
b,b
c,o,n,t,r,o,l,l,e,d
i,n,i,t,i,a,l
c,h,e,m,i,c,a,l
p,o,t,e,n,t,i,a,l
r,e,s
f,o,u,n,d,a,t,i,o,n
r,e,s,c,i,s,s,i,o,n
p,r,e,v,i,o,u,s
d,e,f,i,n,i,t,i,o,n,s
n,a,t,i,o,n,a,l,i,t,y
r,e,c,i,p,i,e,n,t
t,e,x,t,i,l,e
b,i,o,l,o,g,i,c,a,l
t,a,x,e,s
c,o,u,n,s,e,l
f,e,d,e,r,a,t,i,o,n
d,a,m,a,g,e,s
s,u,b,p,a,r,t
m,e,d,i,c,a,i,d
b,r,a,n,c,h
c,o,n,t,i,n,u,e
m,e,n,t,a,l
b,e,h,a,l,f
i,n,j,u,r,y
c,o,m,b,a,t
s,u,b,h,e,a,d,i,n,g
b,a,l,a,n,c,e,s
r,e,f,e,r,e,n,c,e
c,o,m,m
c,o,n,t,i,n,u,i,n,g
c,r,e,d,i,t,e,d
p,a,r,t,i,a,l,b,i,r,t,h
a,l,l,o,w,a,n,c,e,s
b,y
s,p,o,u,s,e
h,i,s,t,o,r,y,h,r
w,a,s,h,i,n,g,t,o,n
a,d,v,a,n,c,e,d
t,r,a,f,f,i,c,k,i,n,g
c,o,n,s,e,n,t
c,o,m,m,u,n,i,t,i,e,s
l,i,f,e
s,a,l,e,s
w,i,l,d,e,r,n,e,s,s
p,a,r,t
m,e,r,g,e,d
h,o,s,p,i,t,a,l
r,e,s,o,u,r,c,e
m,o,n,e,y
c,o,n,d,i,t,i,o,n
o,p,e,r,a,t,i,o,n,a,l
h,e,l,d
a,c,a,d,e,m,i,c
p,r,e,m,i,u,m
a,f,g,h,a,n,i,s,t,a,n
s,u,b,m,i,s,s,i,o,n
s,t,e,m
c,o,m,p,o,n,e,n,t
e,f,f,i,c,i,e,n,c,y
i,n,t,e,r,s,t,a,t,e
a,m,e,n,d
u,n,i,o,n
p,r,o,m,o,t,e
c,o,m,p,l,y
s,u,b,s,t,a,n,c,e
c,a,m,p,a,i,g,n
l,e,v,e,l,s
p,r,o,t,e,c,t
h,e,a,r,i,n,g
p,r,a,c,t,i,c,e
d,o,l,l,a,r
b,a,i
d,e,v,e,l,o,p,e,d
d,e,f,i,n,i,t,i,o,n
h,i,r,e
r,e,p,e,a,l
u,n,i,v,e,r,s,i,t,y
p,e,r,m,i,t
p,h,y,s,i,c,a,l
c,a,l,i,f,o,r,n,i,a
o,v,e,r,s,e,a,s
r,e,s,p,o,n,s,i,b,i,l,i,t,i,e,s
i,m,p,l,e,m,e,n,t,i,n,g
f,u,t,u,r,e
a,m,o,u,n,t
s,t,a,f,f
q,u,a,l,i,f,y,i,n,g
a,c,t,i,n,g
c,o,m,p,r,e,h,e,n,s,i,v,e
a,c,c,o,u,n,t,i,n,g
g,o,a,l,s
d,e,d,u,c,t,i,o,n
w,i,t,h
v,o,l,u,n,t,a,r,y
a,m,m,u,n,i,t,i,o,n
l,o,s,s,e,s
p,r,o,d,u,c,e,r,s
a,l,l,o,w,e,d
s,e,c,t,o,r
s,t,a,t,i,o,n
a,g,e,n,t
p,a,r,t,i,c,i,p,a,t,e
o,f,f,i,c,e,s
g,r,a,n,t,e,d
e,n,g,a,g,e,d
a,n,y
c,o,m,p,e,t,i,t,i,v,e
r,e,g,i,s,t,r,a,t,i,o,n
f,p,u,b,l
d,o,c,i,d
p,a,y,a,b,l,e
d,i,s,p,o,s,a,l
n,u,t,r,i,t,i,o,n
c,r,i,t,i,c,a,l
i,d,e,n,t,i,f,i,c,a,t,i,o,n
p,r,e,s,c,r,i,b,e
p,r,i,m,a,r,y
d,r,u,g,s
f,i,l,e
t,h,r,e,a,t
l,o,b,b,y,i,n,g
r,e,s,p,o,n,s,i,b,l,e
c,o,n
w,o,r,k,e,r,s
m,e,m,b,e,r,s
e,l,e,c,t,r,i,c
t,e,a,c,h,e,r,s
s,t,o,r,a,g,e
p,r,o,d,u,c,e,d
p,r,o,c,e,e,d,i,n,g,s
a,d,j,u,s,t,e,d
p,i,p,e,l,i,n,e
t,e,l,e,c,o,m,m,u,n,i,c,a,t,i,o,n,s
w,h,i,c,h
e,q,u,i,v,a,l,e,n,t
j,o,b
a,c,q,u,i,r,e,d
e,n,r,o,l,l,m,e,n,t
d,e,p,o,s,i,t
c,o,n,v,e,y,a,n,c,e
b,u,d,g,e,t,a,r,y
i,s
m,a,d,e
b,a,n,k,r,u,p,t,c,y
m,a,p
d,e,l,i,v,e,r,y
c,o,m,p,o,n,e,n,t,s
m,a,i,l
m,a,r,k,e,t,i,n,g
m,a,j,o,r,i,t,y
r,e,g,i,s,t,e,r,e,d
m,o,n,i,t,o,r,i,n,g
c,e,r,t,i,f,i,e,d
e,v,e,n,t
m,o,n,t,h,l,y
e,x,e,r,c,i,s,e
a,c,c,o,u,n,t,a,b,i,l,i,t,y
c,i,r,c,u,m,s,t,a,n,c,e,s
p,a,r,t,i,c,i,p,a,n,t
t,h,e,r,e,f,o,r
p,r,o,g,r,e,s,s
i,n,i,t,i,a,t,i,v,e
c,a,p,a,b,i,l,i,t,i,e,s
p,r,o,v,i,s,o
c,o,a,s,t
f,i,n,a,n,c,e
v,o,t,e
t,o,b,a,c,c,o
r,e,n,t,a,l
s,o,u,r,c,e,s
s,e,p,a,r,a,t,e
c,h,i,n,a
d,o,c,u,m,e,n,t,s
t,r,e,a,t,y
m,e,e,t,i,n,g
o,f,f,i,c,i,a,l,s
g,o,v,e,r,n,m,e,n,t,a,l
o,w,n,e,d
c,h,a,i,r,m,a,n
g,u,i,d,a,n,c,e
n,e,t,w,o,r,k
s,e,t,t,l,e,m,e,n,t
s,t,a,t,u,t,o,r,y
e,s,t,a,t,e
t,r,a,n,s,i,t,i,o,n
n,o,n,o,r,i,g,i,n,a,t,i,n,g
a,b,i,l,i,t,y
r,e,c,e,i,p,t
r,e,c,e,i,v,e,s
w,r,i,t,i,n,g
n,o,t,i,f,y
o,p,e,r,a,t,o,r
d,i,s,e,a,s,e
e,n,d
p,e,r,f,o,r,m,e,d
h,o,l,d,i,n,g
e,f,f,e,c,t,i,v,e,n,e,s,s
c,l,o,s,u,r,e
i,s,r,a,e,l
t,h,e,r,e,a,f,t,e,r
g,l,o,b,a,l
a,b
v,i,i
k,o,r,e,a
d,e,c
i,s,s,u,e,s
t,r,a,n,s,a,c,t,i,o,n,s
e,x,c,e,p,t,i,o,n
r,e,g,i,s,t,e,r
s,a,f,e
q,u,a,r,t,e,r
u,n,o,b,l,i,g,a,t,e,d
w,a,i,v,e
a,u,d,i,t
s,t,u,d,i,e,s
v,e,t,e,r,a,n
d,a,m,a,g,e
u,n,l,a,w,f,u,l
s,e,r,v,i,n,g
a,d,v,i,c,e
d,i,s,a,p,p,r,o,v,a,l
p,o,s,s,e,s,s,i,o,n
s,e,l,e,c,t,e,d
s,o,u,r,c,e
p,e,n,a,l,t,i,e,s
r,e,m,o,v,a,l
p,a,t,i,e,n,t
c,o,l,l,e,c,t,i,o,n,s
c,o,m,p,l,e,t,i,o,n
s,t,r,a,t,e,g,i,c
n,a,t,o
v,o,t,i,n,g
p,r,o,c,e,s,s,i,n,g
b,o,t,h
m,e,m,b,e,r
a,m,e,n,d,m,e,n,t,t,h,e
c,o,m,p,l,e,t,e
v,i
r,e,l,e,a,s,e
c,o,n,s,i,d,e,r,s
m,e,x,i,c,o
o,r,i,g,i,n,a,t,i,n,g
n,a,t,i,v,e
p,o,w,e,r,s
f,u,r,n,i,s,h,e,d
g,u,l,f
c,o,m,m,u,n,i,c,a,t,i,o,n
p,e,o,p,l,e,s
m,i,s,s,i,o,n
d,e,v,e,l,o,p,i,n,g
s,u,b,s,t,a,n,t,i,a,l
a,u,g,u,s,t
a,d,m,i,n,i,s,t,e,r,e,d
m,e,e,t,s
a,v,a,i,l,a,b,l,e
e,n,v,i,r,o,n,m,e,n,t
c,o,n,v,e,r,s,i,o,n
r,e,s,p,o,n,s,i,b,i,l,i,t,y
m,e,t,h,o,d,s
m,a,i,n,t,a,i,n,e,d
f,a,c,i,l,i,t,a,t,e
t,r,i,b,e,s
s,o,u,t,h
n,o,t
p,r,e,s,c,r,i,p,t,i,o,n
h,o,u,s,e,s
p,r,o,m,o,t,i,o,n
p,r,o,h,i,b,i,t,e,d
p,a,r,t,i,e,s
s,u,m
u,k,r,a,i,n,e
m,i,t,i,g,a,t,i,o,n
v,i,o,l,a,t,i,o,n,s
p,o,s,i,t,i,o,n,s
a,p,p,e,a,l
i,n,v,o,l,v,i,n,g
p,r,e,p,a,r,e
s,u,f,f,i,c,i,e,n,t
h,r
b,e
v,e,r,i,f,i,c,a,t,i,o,n
b,a
r,e,s,i,d,e,n,c,e
g,e,n,e,r,a,l,n,o,t
d,e,p,o,s,i,t,o,r,y
d,e,p,o,s,i,t,e,d
h,a,z,a,r,d,o,u,s
a,p,p,e,a,l,s
a,c,t,u,a,l
i,n,t,e,r,e,s,t
c,o,n,s,o,l,i,d,a,t,e,d
c,o,m,m,a,n,d
d,e,s,i,g,n,e,d
d,e,f,e,n,s,e,w,i,d,e
p,u,b,l,i,s,h,i,n,g
d,i,s,c,r,i,m,i,n,a,t,i,o,n
a,f,f,e,c,t
e,x,e,m,p,t
p,r,o,c,e,d,u,r,e
s,u,r,f,a,c,e
d,e,p,l,o,y,m,e,n,t
d,i,r,e,c,t,e,d
t,r,u,s,t,e,e
p,a,n,e,l
h,i,s,t,o,r,y
c,o,n,t,i,n,u,e,d
g,r,o,w,t,h
a,l,l,o,w,a,n,c,e
b,a,n,k,i,n,g
a,r,e,a,s
t,i,m,e,l,y
w,i,l,d,l,i,f,e
o,n
m,a,s,t,e,r
r,e,t,i,r,e,d
c,h,a,r,g,e
g,u,a,r,a,n,t,e,e,s
s,e,r,v,e,d
e,n,r,o,l,l,e,d
b,r,o,u,g,h,t
c,o,n,c,u,r,r,e,n,t
o,p,p,o,r,t,u,n,i,t,i,e,s
a,t,t,r,i,b,u,t,a,b,l,e
m,a,n,u,f,a,c,t,u,r,e,r
s,u,b,d,i,v,i,s,i,o,n
p,h,y,s,i,c,i,a,n
z,o,n,e
m,a,r
s,u,p,p,l,y
r,u,l,e,m,a,k,i,n,g
h,o,u,r,s
s,o,l,e,l,y
s,u,p,p,l,i,e,s
e,m,p,l,o,y,e,d
p,a,r,t,i,c,i,p,a,n,t,s
l,e,a,d
l,o,c,a,t,i,o,n
a,t,o,m,i,c
o,b,j,e,c,t,i,v,e,s
b,a,s,i,n
t,i,m,e
h,i,s,t,o,r,y,s
r,e,a,u,t,h,o,r,i,z,a,t,i,o,n
c,a,r,r,i,e,r,s
r,e,s,p,o,n,d
c,o,n,t,i,n,g,e,n,c,y
e,x,c,e,p,t
e,n,t,i,r,e
r,e,g,i,s,t,r,a,n,t
f,o,r,t
m,a,n,u,f,a,c,t,u,r,i,n,g
c,o,n,d,u,c,t,i,n,g
s,p,o,n,s,o,r
p,a,y,g,o
d,e,t,a,i,l,e,d
f,e,d,e,r,a,l,a,i,d
y,o,u,t,h
p,a,r,e,n,t,s
a,n,n,u,a,l,l,y
l,o,n,g,t,e,r,m
c,l,i,n,i,c,a,l
a,w,a,r,d,s
p,e,r,f,o,r,m
i,n,v,e,s,t,i,g,a,t,i,o,n,s
t,a,s,k
l,a,b,o,r,a,t,o,r,y
d,e,f,i,n,i,t,i,o,n,s,i,n
c,o,m,p,a,n,i,e,s
i,s,l,a,n,d,s
d,e,v,i,c,e
b,o,r,r,o,w,e,r
m,i,n,o,r
r,e,s,t,i,t,u,t,i,o,n
s,t,a,f,f,o,r,d
e,s,t,a,b,l,i,s,h,i,n,g
r,e,g,i,o,n
r,e,p,a,y,m,e,n,t
s,e,l,e,c,t
h,t,s
b,u,s,i,n,e,s,s,e,s
c,o,r,p,o,r,a,t,i,o,n,s
e,a,s,t
m,o,d,e,r,n,i,z,a,t,i,o,n
c,e,r,t,i,f,i,c,a,t,e
h,o,m,e,l,e,s,s
a,c,c,e,p,t
h,u,m,a,n,i,t,a,r,i,a,n
f,i,r,e,a,r,m,s
a,s,s,e,s,s,m,e,n,t,s
s,i,n,g,l,e
t,r,a,f,f,i,c
w,o,m,e,n
f,a,c,t,o,r,s
b,u,s,i,n,e,s,s
c,l,e,r,i,c,a,l
g,e,n,e,r,a,l,e,x,c,e,p,t
s,e,l,e,c,t,i,o,n
p,a,r,e,n,t
a,d,e,q,u,a,t,e
v,e,s,s,e,l,s
r,e,p,o,r,t,e,d
r,e,a,s,o,n,s
m,a,t,c,h,i,n,g
r,e,f,u,g,e,e
i,n,c,e,n,t,i,v,e
c,h,a,r,g,e,s
t,e,l,e,p,h,o,n,e
e,x,c,e,e,d,s
g,a,i,n
t,y,p,e
l,o,w,i,n,c,o,m,e
c,o,r,o,n,a,v,i,r,u,s
a,c,a,d,e,m,y
g,e,n,e,r,a,l,i,n
p,r,e,p,a,r,e,d,n,e,s,s
s,e,m,i,c,o,l,o,n
m,e,t,r,o,p,o,l,i,t,a,n
d,e,p,u,t,y
c,h,a,r,i,t,a,b,l,e
n,o,n,i,m,m,i,g,r,a,n,t
r,e,q,u,e,s,t,e,d
c,i,t,i,z,e,n,s
a,i,d
i,m,p,r,o,v,i,n,g
r,e,p,o,r,t,n,o,t
p,u,b,l,i,s,h,e,d
f,r,a,u,d
m,e,m,b,e,r,s,h,i,p
u,r,a,n,i,u,m
c,e,l,l
a,s,s,i,g,n,e,d
c,o,m,p,l,e,t,e,d
a,p,p,o,r,t,i,o,n,e,d
e,s,t,i,m,a,t,e,s
g,r,a,d,e
u,s,e
d,r,i,n,k,i,n,g
s,c,i,e,n,t,i,f,i,c
b,a,l,a,n,c,e
p,o,p,u,l,a,t,i,o,n
f,e,b
l,e,g,i,s,l,a,t,i,o,n
r,e,c,o,g,n,i,z,e,d
d,c
a,g,e,n,t,s
s,y,r,i,a
c,a,p,a,b,i,l,i,t,y
o,f,f,e,r,e,d
c,l,a,u,s,e,s
i,s,s,u,a,n,c,e
u,n,i,f,o,r,m,e,d
h,i,g,h,w,a,y,s
l,i,c,e,n,s,e
c,o,l,l,e,g,e
a,c,q,u,i,r,e
c,r,e,d,i,t,s
m,e,t,h,o,d
c,a,r,e,e,r
l,e,a,v,e
a,u,t,h,o,r,i,z,e
p,e,r,f,o,r,m,i,n,g
s,i,t,e,s
r,e,s,t,r,i,c,t,i,o,n,s
w,h,o
c,a,s,h
k,n,o,w,i,n,g,l,y
e,n,h,a,n,c,e
g,o,o,d,s
w,e,s,t
c,r,i,m,e,s
t,r,a,n,s,m,i,s,s,i,o,n
c,a,r,d
a,g,r,e,e,d
c,o,m,m,i,t,t,e,d
m,a,n,u,f,a,c,t,u,r,e,d
p,e,r,m,i,t,t,e,d
a,p,p,r,o,v,e
c,o,n,v,e,n,t,i,o,n
m,u,n,i,c,i,p,a,l
t,e,a,c,h,e,r
c,o,m,p,l,a,i,n,t
d,o,c,u,m,e,n,t
f,i,s,h
n,a,t,i,o,n
a,s,s,i,s,t,e,d
s,a,n,d,y
r,e,p,e,a,l,e,d
p,e,n,d,i,n,g
e,x,t,e,n,d,e,d
a,i,r,p,o,r,t,s
i,m,p,o,s,e
a,t,t,o,r,n,e,y,s
s,e,c,r,e,t,a,r,i,e,s
a,u,t,h,o,r,i,z,a,t,i,o,n,s
c,o,u,r,t,s
h,a,r,b,o,r
c,o,a,s,t,a,l
c,u,r,r,e,n,c,y
w,a,g,e
c,o,u,n,s,e,l,i,n,g
s,e,n,i,o,r
e,x,t,e,n,d
r,e,v,e,n,u,e,s
s,u,c,c,e,e,d,i,n,g
w,o,r,k,e,r
c,y,b,e,r
v,o,t,e,r
i,n,n,o,v,a,t,i,o,n
l,a,k,e
e,n,d,o,w,m,e,n,t
m,i,s,s,i,s,s,i,p,p,i
a,s,s,e,s,s
t,e,r,m,i,n,a,t,e
f,i,e,l,d
d,i,s,c,h,a,r,g,e
e,n,h,a,n,c,e,m,e,n,t
p,r,o,h,i,b,i,t
y,u,g,o,s,l,a,v,i,a
e,q,u,i,t,y
d,i,r,e,c,t,o,r,s
n,e,c,e,s,s,a,r,y
v,i,s,a
h,e,r,e,i,n
s,e,e,k
a,s,s,e,t
f,l,i,g,h,t
c,o,n,s,u,m,e,r,s
m,o,d,e,l
p,u,b,l,i,s,h
s,k,i,l,l,s
s,h,a,r,i,n,g
t,r,i,a,l
r,e,p,r,o,g,r,a,m,m,i,n,g
g,r,o,u,n,d
r,e,m,e,d,i,e,s
e,n,c,o,u,r,a,g,e
p,r,o,c,e,e,d,s
p,e,o,p,l,e
i,n,t,e,n,d,e,d
m,o,d,i,f,i,c,a,t,i,o,n,s
j,u,d,g,m,e,n,t
m,o,d,i,f,i,e,d
g,o,v,e,r,n,o,r
r,e,l,a,t,i,o,n,s,h,i,p
o,p,t,i,o,n
l,e,a,d,e,r
o,u,t,r,e,a,c,h
i,m,p,o,r,t,s
c,o,m,p,e,t,i,t,i,o,n
a,c,r,e,s
r,e,a,l,i,g,n,m,e,n,t
a,d,m,i,n,i,s,t,e,r,i,n,g
i,n,d,u,s,t,r,i,a,l
d,i,s,t,r,i,b,u,t,e,d
o,p,e,r,a,t,e
s,u,s,p,e,n,s,i,o,n
o,m,n,i,b,u,s
e,x,p,e,r,i,e,n,c,e
p,l,a,n,t,s
d,e,v,i,c,e,s
r,e,n,e,w,a,b,l,e
e,x,p,i,r,a,t,i,o,n
a,f,f,i,l,i,a,t,e
a,d,m,i,n,i,s,t,e,r
d,e,s,t,r,u,c,t,i,o,n
s,u,p,p,o,r,t,i,n,g
r,o,a,d
b,u,s,e,s
s,e,x
l,i,m,i,t,s
s,t,a,t,u,t,e
e,x,c,l,u,s,i,o,n
d,i,p,l,o,m,a,t,i,c
i,n,s,t,a,l,l,a,t,i,o,n,s
a,d,j,u,s,t,m,e,n,t,s
a,t,t,e,s,t
g,r,a,z,i,n,g
c,o,m,m,i,s,s,i,o,n,e,d
v,i,r,g,i,n,i,a
b,o,n,u,s
i,n,t,e,g,r,a,t,e,d
r,e,q,u,e,s,t,s
c,o,n,s,t,i,t,u,t,i,o,n
c,o,n,s,u,l,t
m,a,s,s
e,n,f,o,r,c,e
d,e,m,o,c,r,a,c,y
c,a,t,e,g,o,r,y
o,u,t,s,t,a,n,d,i,n,g
c,a,f,t,a,d,r
l,i,s,t,e,d
m,a,r,k,e,t,s
c,r,e,d,i,t,o,r
b,i,l,l,s
c,o,s,m,e,t,i,c
s,u,c,c,e,s,s,o,r
y,o,r,k
c,o,r,r,i,d,o,r
s,u,b,m,i,t,s
h,e,r,z,e,g,o,v,i,n,a
o,p,e,r,a,t,e,d
m,a,r,i,t,i,m,e
c,l,e,a,n
p,r,e,s,e,r,v,a,t,i,o,n
b,o,s,n,i,a
r,f,h
s,p,e,c,i,e,s
a,l,l,e,g,e,d
p,o,r,t
c,e,l,l,s
d,a,m
l,e,n,d,e,r
a,c,c,o,m,p,a,n,y,i,n,g
s,e,p,a,r,a,t,i,o,n
c,o,n,c,e,r,n,s
c,o,m,m,o,n
a,r,i,s,i,n,g
s,o,l,i,d
p,r,e,p,a,r,a,t,i,o,n
d,e,t,e,r,m,i,n,a,t,i,o,n,s
x,i,x
n,o,v
b,e,n,e,f,i,c,i,a,r,i,e,s
r,a,n,g,e
p,e,n,s,i,o,n
u,s,e,r
a,p,p,l,y,i,n,g
r,o,b,e,r,t
c,y,b,e,r,s,e,c,u,r,i,t,y
b,i,o,s,i,m,i,l,a,r
u,t,i,l,i,t,y
r,e,m,a,i,n,i,n,g
f,e,a,s,i,b,i,l,i,t,y
e,s,t,i,m,a,t,e
m,u,l,t,i,p,l,e
e,n,a,b,l,e
s,p,d,c
r,e,v,o,l,v,i,n,g
o,w,n,e,r,s,h,i,p
f,o,r,e,g,o,i,n,g
n,a,v,i,g,a,t,i,o,n
c,h,a,i,r,p,e,r,s,o,n
p,u,b,l,i,c,a,t,i,o,n
r,i,s,k,s
d,i,s,p,o,s,i,t,i,o,n
m,a,t,h,e,m,a,t,i,c,s
p,r,o,s,e,c,u,t,i,o,n
e,x,p,e,r,t,i,s,e
a,m,e,r,i,c,a,n,s
o,f,f,e,r
h,e,r,i,t,a,g,e
l,e,a,r,n,i,n,g
o,c,c,u,p,a,t,i,o,n,a,l
r,e,i,m,b,u,r,s,e
c,o,n,s,e,q,u,e,n,c,e,s
e,m,p,l,o,y,e,r,s
a,l,l,o,t,m,e,n,t
e,l,e,m,e,n,t,s
c,o,n,f,i,d,e,n,t,i,a,l
d,e,s,i,g,n,e,e
o,r,i,g,i,n
r,e,c,o,n,s,t,r,u,c,t,i,o,n
c,o,m,m,o,n,w,e,a,l,t,h
t,e,x,a,s
c,a,n,d,i,d,a,t,e,s
d,i,s,c,r,e,t,i,o,n
p,e,a,c,e
p,e,r,i,o,d,s
c,o,o,r,d,i,n,a,t,e
c,o,v,e,r
t,i,t,l,e,s
s,a,f,e,t,e,a,l,u
f,e,e,t
s,o,l,d
w,a,g,e,s
s,u,r,v,e,y
m,o,d,i,f,y
s,a,n
n,o,r,t,h,e,r,n
c,e,r,t,i,f,i,e,s
n,a,t,u,r,e
s,t,e,p,s
d,e,g,r,e,e
m,e,t
e,l,e,m,e,n,t
e,x,p,e,n,s,e
s,e,p,t
d,a,t,e,d
s,w,a,p
a,p,p,l,i,c,a,b,i,l,i,t,y
b,u,r,m,a
d,i,s,t,r,i,b,u,t,i,o,n,s
d,i,s,a,s,t,e,r,s
a,n,n,u,i,t,y
q,u,a,n,t,i,t,y
t,o,o,l,s
d,e,p,e,n,d,e,n,t
d,i,r,e,c,t,i,v,e
l,e,a,s,i,n,g
s,e,c,r,e,t
a,d,u,l,t
a,c,h,i,e,v,e
l,o,b,b,y,i,s,t
s,e,t,t,i,n,g
f,i,s,a
e,a,r,l,i,e,r
b,o,n,d
t,y,p,e,s
c,o,n,t,i,n,u,a,t,i,o,n
a,n
d,e,c,l,a,r,e,d
c,o,n,c,e,r,n
e,f,f,e,c,t
g,e,n,e,r,a,l,s,u,b,j,e,c,t
e,t,h,i,c,s
s,t,r,u,c,t,u,r,e
l,e,a,d,e,r,s,h,i,p
j,a,n
p,r,e,p,a,r,e,d
s,u,b,s,t,a,n,c,e,s
p,e,a,c,e,k,e,e,p,i,n,g
r,e,t,u,r,n,s
k,n,o,w,l,e,d,g,e
a,l,t,e,r,a,t,i,o,n
c,o,a,l
l,i,c,e,n,s,e,d
w,e,a,p,o,n
a,i
r,e,q,u,i,r,i,n,g
p,l,a,i,n,t,i,f,f
e,m,b,r,y,o,n,i,c
i,d,e,n,t,i,t,y
w,a,t,e,r,s,h,e,d
t,r,a,n,s,m,i,t,t,e,d
f,a,l,s,e
u,n,d,e,r
i,m,p,o,r,t,e,d
l,i,a,b,l,e
u,s,a
f,u,n,c,t,i,o,n
d,i,s,c,r,e,t,i,o,n,a,r,y
i,m,p,o,s,i,t,i,o,n
c,a,u,s,e,d
i,n,c,e,n,t,i,v,e,s
d,i,s,e,a,s,e,s
p,r,e,m,i,u,m,s
c,o,m,m,e,n,t
s,c,r,e,e,n,i,n,g
m,a,r,r,i,a,g,e
d,e,b,t,o,r,s
c,l,e,r,k
e,f,f,i,c,i,e,n,t
a,p,p,l,i,c,a,n,t,s
o,m,a,n
p,o,s,t
f,l,a,g
m,e,a,s,u,r,e
r,a,t,i,o
a,f,f,i,r,m,a,t,i,v,e
m,a,n,u,f,a,c,t,u,r,e
e,x,a,m,i,n,a,t,i,o,n
s,e,c,r,e,t,a,r,y,s
a,d,o,p,t,i,o,n
r,e,d,u,c,t,i,o,n,s
p,r,o,c,e,s,s,e,s
s,u,c,h
a,d,v,e,r,s,e
m,e,s,s,a,g,e
d,o,c,u,m,e,n,t,a,t,i,o,n
d,e,s,i,g,n,a,t,e
a,t,l,a,n,t,i,c
c,o,l,o,r,a,d,o
e,v,a,l,u,a,t,e
d,e,c,l,a,r,a,t,i,o,n
t,a,x,p,a,y,e,r,s
i,n,s,t,i,t,u,t,e,s
p,a,t,r,i,o,t
c,h,a,r,t,e,r
c,h,a,r,g,e,d
s,c,o,p,e
h,i,s,t,o,r,i,c
m,o,n,e,t,a,r,y
f,i,n,d,i,n,g
f,e,d,e,r,a,l,l,y
c,o,l,l,e,c,t
f,o,r,e,s,t,r,y
a,f,f,o,r,d,a,b,l,e
d,e,t,e,n,t,i,o,n
i,n,d,i,r,e,c,t
s,i,z,e
r,e,c,o,m,m,e,n,d,a,t,i,o,n
d,e,s,c,r,i,b,i,n,g
v,i,c,e
s,e,c,u,r,e
h,o,u,s,e,h,o,l,d
e,n,g,a,g,e
c,o,p,y,r,i,g,h,t
m,u,s,e,u,m
r,a,d,o,n
b,u,s
f,u,l,l,t,i,m,e
c,a
c,o,n,s,t,r,u,c,t
i,n,t,e,r,a,g,e,n,c,y
c,r,e,e,k
l,i,c,e,n,s,i,n,g
r,e,c,i,p,i,e,n,t,s
c,o,m,m,i,t,m,e,n,t,s
a,c
p,a,r,t,n,e,r
r,e,g,u,l,a,t,e,d
s,p,e,n,d,i,n,g
r,e,s,i,d,e,n,t
s,e,l,l,e,r
c,o,n,t,r,a,c,t,o,r,s
i,n,d,i,r,e,c,t,l,y
t,r,a,n,s,m,i,t
a,p,p,o,i,n,t
r,e,v,i,s,e,d
c,o,n,t,e,n,t
i,n,t,e,r,i,m
s,t,r,a,t,e,g,i,e,s
j,u,v,e,n,i,l,e
n,o,n,p,r,o,l,i,f,e,r,a,t,i,o,n
a,n,i,m,a,l
c,u,b,a
h,a,r,m
i,d,e,n,t,i,f,y,i,n,g
t,e,a,c,h,i,n,g
s,e,e,k,i,n,g
d,e,p,a,r,t,m,e,n,t,a,l
i,n,i,t,i,a,t,i,v,e,s
r,e,c,e,i,p,t,s
b,l,o,c,k
o,f,f,e,n,s,e,s
g,r,o,u,n,d,s
o,c,c,u,r,r,e,d
d,e,t,e,c,t,i,o,n
r,e,a,d,i,n,e,s,s
p,u,b,l,i,c,l,y
s,e,r,g,e,a,n,t
i,r,a,q,i
c,l,a,s,s,i,f,i,c,a,t,i,o,n
p,r,e,f,e,r,e,n,t,i,a,l
e,x,e,c,u,t,i,o,n
s,t,a,t,e,m,e,n,t,s
a,r,r,a,n,g,e,m,e,n,t
i,m,p,r,o,v,e,d
p,a,r,t,n,e,r,s,h,i,p,s
c,o,m,m,o,d,i,t,i,e,s
j,o,i,n,t,l,y
t,i,m,e,s
u,n,i,f,o,r,m
s,h,i,p
s,t,e,e,l
e,m,e,r,g,e,n,c,i,e,s
i,n,t,e,r,m,o,d,a,l
f,i,s,h,i,n,g
c,o,v,i,d
f,i,r,m
b,o,n,d,s
v,i,i,i
c,o,n,c,u,r,r,e,d
p,r,o,m,u,l,g,a,t,e,d
i,n,s,t,r,u,m,e,n,t,a,l,i,t,y
n,u,r,s,i,n,g
s,i,t,e
b,a,l,l,i,s,t,i,c
i,n,v,e,s,t,m,e,n,t,s
i,m,p,l,e,m,e,n,t,e,d
d,e,f,e,r,r,e,d
e,x,p,o,s,u,r,e
a,s,s,i,g,n,m,e,n,t
l,i,v,i,n,g
t,e,c,h,n,i,q,u,e,s
r,e,i,n,v,e,s,t,m,e,n,t
f,a,i,l,s
e,n,t,i,t,l,e,m,e,n,t
m,u,l,t,i,l,a,t,e,r,a,l
o,c,c,u,r,r,i,n,g
f,o,r,m,s
s,t,a,t,u,t,e,s
g,e,o,g,r,a,p,h,i,c
a,b,o,r,t,i,o,n,s
g,i,f,t
l,a,n,g,u,a,g,e
l,o,c,a,t,i,o,n,s
s,t,a,b,i,l,i,z,a,t,i,o,n
s,c,i,e,n,c,e,s
w,i,t,h,i,n
d,e,n,i,a,l
i,n,s,t,r,u,c,t,i,o,n
o,n,l,y
a,c,c,e,p,t,e,d
j,u,d,g,e,s
c,l,a,r,i,f,i,c,a,t,i,o,n
h,e,l,i,u,m
p,o,l,l,u,t,i,o,n
a,p,p,r,o,p,r,i,a,t,i,o,n,s,t,h,e,r,e
a,p,p
o,r,i,g,i,n,a,l
c,o,m,m,i,t,m,e,n,t
c,u,s,t,o,d,y
i,m,p,o,r,t,e,r
e,a,c,h
t,a,r,g,e,t,e,d
b,a,r,r,i,e,r,s
d,i,s,o,r,d,e,r
v,o,l,u,m,e
i,n,c,l,u,s,i,o,n
f,i,s,h,e,r,y
a,l,l,o,c,a,t,i,o,n,s
e,s
d,e,p,e,n,d,e,n,t,s
i,n,t,e,n,t
r,e,s,i,d,e,n,t,s
g,e,n,e,r,a,l,n,o,t,w,i,t,h,s,t,a,n,d,i,n,g
a,l,l,i,e,s
b,r,i,d,g,e
m,o,r,t,g,a,g,e,s
s,t,a,t,i,s,t,i,c,s
i,n,c,r,e,a,s,e,s
e,l,i,m,i,n,a,t,i,o,n
e,m,b,r,y,o
e,n,h,a,n,c,e,d
p,r,e,s,i,d,e,n,t,s
s,e,n,t,e,n,c,i,n,g
q,u,a,r,t,e,r,l,y
v,o,c,a,t,i,o,n,a,l
r,e,q,u,i,r,e,s
g,e,n,e,r,a,l,a
a,t,t,a,c,k
i,n,v,e,n,t,o,r,y
d,i,s,a,d,v,a,n,t,a,g,e,d
d,e,c,i,s,i,o,n,s
p,r,i,v,a,c,y
a,p,r
c,e,n,s,u,s
p,r,i,n,c,i,p,l,e,s
s,t,a,t,e,w,i,d,e
d,e,f,a,u,l,t
t,h,r,e,a,t,s
s,t,a,y
w,e,e,k,l,y
g,r,a,n,t,e,e
v,i,s,a,s
s,u,m,m,a,r,y
c,o,n,t,r,a,c,t,i,n,g
s,u,i,c,i,d,e
d,u,r,a,t,i,o,n
p,r,o
u,n,d,e,r,s,t,a,n,d,i,n,g
d,e,m,o,c,r,a,t,i,c
l,e,n,d,i,n,g
c,o,n,s,t,i,t,u,t,e
p,r,o,p,o,s,a,l
d,a,t,e,s
h,o,l,d,e,r
p,r,o,t,e,c,t,i,o,n,s
e,n,t,e,r,s
a,l,l,o,w,a,b,l,e
e,u,r,o,p,e
s,o,f,t,w,a,r,e
f,i,x,e,d
e,a,r,n,i,n,g,s
g,e,n,e,r,a,l,i,f
c,c
o,c,c,u,r,s
c,l,a,i,m,a,n,t
a,u,t,o,m,a,t,e,d
r,e,o,r,g,a,n,i,z,a,t,i,o,n
r,e,c,r,e,a,t,i,o,n,a,l
a,i,i
f,l,e,x,i,b,i,l,i,t,y
t,h,e,r,e,o,n
d,i,r,e,c,t,i,o,n
f,i,r,e,a,r,m
i,n,t,e,g,r,i,t,y
p,r,o,t,e,c,t,e,d
m,o,d,e,l,s
t,e,l,e,v,i,s,i,o,n
c,o,n,v,e,y,e,d
t,i,m,b,e,r
c,o,n,v,i,c,t,e,d
a,t,t,e,n,d,a,n,c,e
a,f,r,i,c,a,n
h,u,r,r,i,c,a,n,e,s
c,r,e,d,i,t,o,r,s
p,u,e,r,t,o
s,p,e,n,t
s,u,p,p,o,r,t,e,d
i,m,p,o,r,t,a,t,i,o,n
b,i
h,e,a,d,i,n,g,s
s,p,e,a,k,e,r
m,i,l,e,s
c,o,n,t,r,o,l,s
p,r,o,m,u,l,g,a,t,e
e,s,s,e,n,t,i,a,l
d,e,m,o,n,s,t,r,a,t,e
s,t,r,e,e,t
o,n,g,o,i,n,g
a,i,d,s
e,l,e,c,t,e,d
r,e,v,i,e,w,s
r,e,s,i,d,e,n,t,i,a,l
r,i,c,o
r,e,c,r,e,a,t,i,o,n
r,e,c,o,g,n,i,t,i,o,n
m,i,s,c,e,l,l,a,n,e,o,u,s
c,o,n,t,i,n,e,n,t,a,l
r,e,c,o,n,c,i,l,i,a,t,i,o,n
n,e,v,a,d,a
c,o,m,p,a,r,a,b,l,e
c,o,m,m,e,n,t,s
v,a,l,l,e,y
r,e,s,t,r,i,c,t,i,o,n
c,o,n,f,l,i,c,t
a,s,s,e,s,s,e,d
c,u,l,t,u,r,a,l
a,u,t,h,o,r,i,z,i,n,g
f,a,r,m,e,r,s
g,e,n,e,r,a,l,p,a,r,a,g,r,a,p,h
h,a,t,e
c,h,i,p
r,e,f,e,r,e,n,c,e,s
r,e,g,i,s,t,r,y
i,n,d,i,a
c,o,r,p,o,r,a,t,e
g,o,v,e,r,n,o,r,s
d,e,f,i,n,e,d,i,n
r,e,a,d,i,n,g
p,h,a,s,e
a,m,e,n,d,i,n,g
o,p,t,i,o,n,s
c,a,r,o,l,i,n,a
c,a,s,e
p,u,r,c,h,a,s,e,d
s,t,o,c,k,p,i,l,e
u,n,a,c,c,o,m,p,a,n,i,e,d
n,u,m,e,r,i,c,a,l
r,e,m,e,d,y
c,a,r,g,o
o,p,i,o,i,d
r,e,f,l,e,c,t
c,u,s,t,o,m,e,r
o,r,g,a,n,i,z,e,d
g,i,f,t,s
n,o,n,g,o,v,e,r,n,m,e,n,t,a,l
e,l,e,c,t,i,o,n,s
r,i,g,h,t
r,e,t,e,n,t,i,o,n
i,m,m,i,g,r,a,n,t
c,l,i,n,i,c
s,u,b,s,i,d,y
d,i,s,b,u,r,s,e,m,e,n,t
u,n,b,o,r,n
k,a,t,r,i,n,a
p,o,v,e,r,t,y
r,e,t,a,i,l
p,r,o,f,e,s,s,i,o,n,a,l,s
c,o,m,m,u,n,i,t,y,b,a,s,e,d
e,x,p,a,n,d
d,i,s,a,b,l,e,d
c,l,i,e,n,t
j,u,s,t,i,f,i,c,a,t,i,o,n
c,o,m,p,i,l,a,t,i,o,n
p,e,d,i,a,t,r,i,c
r,e,i,m,b,u,r,s,a,b,l,e
r,e,i,m,b,u,r,s,e,m,e,n,t,s
e,u,r,o,p,e,a,n
o,w,n,e,r,s
s,e,n,a,t,o,r
o,u,t,e,r
o,r,g,a,n,i,c
v,a,l,u,e,c,o,n,t,e,n,t
p,l,u,r,i,p,o,t,e,n,t
w,t,o
p,r,o,s,p,e,c,t,i,v,e
e,x,p,e,c,t,e,d
w,e,i,g,h,t
s,t,o,r,m
a,m,e,n,d,m,e,n,t,s,e,c,t,i,o,n
r,e,n,o,v,a,t,i,o,n
p,e,e,r
i,m,p,r,i,s,o,n,e,d
m,a,n,u,f,a,c,t,u,r,e,r,s
d,e,m,o,n,s,t,r,a,t,e,d
b,i,l,l
c,o,n,s,u,l,a,r
r,o,u,t,e
d,i,s,c,l,o,s,e,d
p,a,r,k,s
c,e,r,t,i,f,y
f,a,i,t,h
r,e,l,o,c,a,t,i,o,n
s,u,p,r,e,m,e
d,i,s,s,e,m,i,n,a,t,i,o,n
s,h,i,p,b,u,i,l,d,i,n,g
i,n,t,r,o,d,u,c,e,d
p,a,c,i,f,i,c
g,o,v,e,r,n,i,n,g
c,i,t,i,z,e,n
j,e,r,u,s,a,l,e,m
m,i,s,s,i,o,n,s
r,e,g,i,m,e
d,a,i,l,y
a,u,d,i,t,s
l,e,s,s,e,r
e,m,b,r,y,o,s
a,t,t,a,c,k,s
t,u,i,t,i,o,n
s,u,p,e,r,v,i,s,i,o,n
n,a,r,c,o,t,i,c,s
a,c,c,e,p,t,a,n,c,e
f,a,i,l,e,d
u,p,d,a,t,e
p,l,a,c,e,m,e,n,t
c,i,t,i,z,e,n,s,h,i,p
n,e,e,d,s
l,i,v,e,s,t,o,c,k
p,a,r,t,n,e,r,s
p,a,s,s,e,n,g,e,r,s
a,r,r,a,n,g,e,m,e,n,t,s
p,e,r,i,o,d,i,c
b,a,n,k,s
c,l,o,s,e
i,n,v,o,l,v,e,m,e,n,t
n,o,t,i,f,i,e,d
s,u,r,v,e,y,s
r,o,l,e
r,e,d,u,c,i,n,g
e,n,d,a,n,g,e,r,e,d
c,o,n,s,o,r,t,i,u,m
d,e,l,a,y
m,a,n,a,g,e,d
i,s,l,a,n,d
c,o,u,n,t,i,e,s
g,r,a,n,t,e,e,s
c,a,t,e,g,o,r,i,e,s
g,r,o,u,p
b,e,a,r,s
u,n,d,e,r,t,a,k,e,n
t,a,r,g,e,t
c,a,r,b,o,n
u,t,i,l,i,z,a,t,i,o,n
m,u,l,t,i,f,a,m,i,l,y
u,s,e,d
b,r,o,a,d,c,a,s,t,i,n,g
p,o,s,t,s,e,c,o,n,d,a,r,y
i,n,d,o,o,r
p,r,i,o,r,i,t,i,e,s
p,e,n,n,s,y,l,v,a,n,i,a
c,a,l,c,u,l,a,t,e,d
e,n,r,o,l,l,e,e,s
m,a,n,a,g,e,r,s
m,e,d,a,l
s,c,h,o,l,a,r,s,h,i,p
b,a,r,g,a,i,n,i,n,g
r,e,n,e,w,a,l
a,i,r,w,a,y
e,a,s,t,e,r,n
o,f,f,e,r,i,n,g
e,c,o,n,o,m,y
e,x,p,l,o,s,i,v,e
r,e,l,a,t,i,v,e
e,n,s,u,r,i,n,g
v,i,o,l,e,n,t
m,o,d,i,f,y,i,n,g
h,i,v,a,i,d,s
p,e,t,r,o,l,e,u,m
l,i,b,y,a
p,r,o,p,o,s,a,l,s
f,o,r,m,u,l,a
b,a,l,l,o,t
i,n,c,r,e,a,s,i,n,g
t,o,x,i,c
d,e,l,e,g,a,t,e
p,o,p,u,l,a,t,i,o,n,s
p,r,o,j,e,c,t,e,d
c,o,n,s,t,r,u,c,t,i,o,n,n,o,t,h,i,n,g
f,o,r,f,e,i,t,u,r,e
m,u,n,i,t,i,o,n,s
t,e,s,t
u,s,m,c,a
e,f,f,o,r,t
p,r,o,s,e,c,u,t,e,d
s,h,e,l,f
l,i,q,u,i,d,a,t,i,o,n
e,m,e,r,g,i,n,g
c,h,a,p,t,e,r,s
e,x,p,a,t,r,i,a,t,i,o,n
s,c,o,r,e,c,a,r,d
f,i,r,m,s
c,e,n,t,u,m
c,o,m,m,o,n,l,y
e,f,f,e,c,t,i,v,e,l,y
m,a,n,d,a,t,o,r,y
e,m,i,s,s,i,o,n,s
t,h,e,r,e,i,n
n,o,n
f,i,n,e,d
h,i,v
e,x,p,r,e,s,s,l,y
d,i,s,b,u,r,s,e,d
a,e,r,o,n,a,u,t,i,c,s
f,l,o,r,i,d,a
o,f,f,s,e,t,t,i,n,g
p,a,y,a,s,y,o,u,g,o
e,v,e,n,t,s
u,s,e,r,s
m,e,c,h,a,n,i,s,m,s
u,n,m,a,n,n,e,d
c,o,o,r,d,i,n,a,t,o,r
a,c,h,i,e,v,e,m,e,n,t
i,l,l,e,g,a,l
c,o,n,s,t,r,u,c,t,e,d
s,o,v,i,e,t
r,e,f,u,n,d
c,o,m,p,e,t,i,t,i,v,e,n,e,s,s
s,u,p,p,r,e,s,s,i,o,n
p,r,e,f,e,r,e,n,c,e
s,t,a,m,p
r,e,s,e,r,v,a,t,i,o,n
c,a,s
p,r,o,c,l,a,i,m,e,d
p,r,o,c,e,e,d
r,e,s,t,r,u,c,t,u,r,i,n,g
f,a,c,t,o,r
e,l,e,c,t
r,a,d,i,o,a,c,t,i,v,e
e,c,o,s,y,s,t,e,m
c,o,m,m,i,s,s,i,o,n,s
p,r,o,d,u,c,e
m,i,s,s,o,u,r,i
t,h,r,e,s,h,o,l,d
a,r,e
e,x,p,o,r,t,e,d
r,e,m,o,t,e
e,x,p,l,a,n,a,t,i,o,n
d,i,s,p,u,t,e
p,o,r,n,o,g,r,a,p,h,y
c,o,n,s,o,l,i,d,a,t,i,o,n
i,n,s,t,r,u,m,e,n,t
e,x,t,e,n,d,e,r,s
p,r,o,l,i,f,e,r,a,t,i,o,n
p,r,i,c,e,s
d,e,t,a,i,l,i,n,g
u,n,d,e,r,s,e,r,v,e,d
s,u,b,s,i,s,t,e,n,c,e
s,p,e,c,i,a,l,i,z,e,d
c,b
d,e,n,i,e,d
d,e,b,a,t,e
c,o,m,m,e,n,c,e,m,e,n,t
j,e,r,s,e,y
t,i,s,s,u,e
h,o,l,d
i,n,i,t,i,a,t,e
w,i,t,h,d,r,a,w,a,l
f,e,t,u,s
a,l,c,o,h,o,l
b,i,l,a,t,e,r,a,l
c,o,o,r,d,i,n,a,t,i,n,g
c,o,o,r,d,i,n,a,t,e,d
b,a,y
f,a,r,m,e,r
r,e,l,a,t,e,s
w,o,r,k
i,n,c,o,n,s,i,s,t,e,n,t
d,a,i,r,y
y,k
u,t,a,h
a,d,m,i,s,s,i,o,n
l,e,a,d,e,r,s
m,e,d,i,c,i,n,e
a,c,r,e,a,g,e
p,r,o,t,e,c,t,i,v,e
m,a,i,n,t,a,i,n,i,n,g
s,a,t,i,s,f,y
p,a,r,c,e,l
d,e,m,a,n,d
c,o,n,s,i,s,t,i,n,g
a,d,m,i,t,t,e,d
o,t,h,e,r,w,i,s,e
b,o,d,y
w,h,e,t,h,e,r
p,a,t,i,e,n,t,s
o,p,e,r,a,t,i,o,n,s,g,l,o,b,a,l
e,x,p,o,r,t,s
r,e,t,a,i,n,e,d
n,o,t,i,f,i,e,s
l,a,u,n,d,e,r,i,n,g
i,l,l,n,e,s,s
d,a,t,a,b,a,s,e
d,i,s,c,l,o,s,e
t,a,x,a,t,i,o,n
f,e,a,s,i,b,l,e
e,v,a,l,u,a,t,i,o,n,s
e,x,c,l,u,d,e,d
t,r,a,d,i,n,g
e,n,r,i,c,h,m,e,n,t
p,r,o,d,u,c,i,n,g
v,a,l,u,e
d,i,v,i,d,e,n,d,s
c,h,i,l,d,r,e,n,s
a,m,t,r,a,k
t,r,i,c,a,r,e
b,i,n,d,i,n,g
r,e,i,m,b,u,r,s,e,d
r,e,n,t
c,e,a,s,e
a,f,r,i,c,a
e,x,c,l,u,d,i,n,g
a,c,c,e,s,s,o,r,i,e,s
l,i,g,h,t
a,r,t,s
d,o,n,a,t,i,o,n
a,l,e,r,t
e,x,c,e,p,t,i,o,n,s
i,n,t,e,r,n,a,t,i,o,n,a,l,l,y
d,e,a,l,e,r
m,a,n,a,g,e,r
s,p,a,r,e
p,l,a,n,n,e,d
p,r,e,s,e,r,v,e
p,a,r,t,s
a,c,c,u,s,e,d
i,m,p,a,c,t,s
i,x
i,n,t,e,g,r,a,t,i,o,n
g,r,e,e,n,h,o,u,s,e
g,e,n,e,r,a,t,i,o,n
b,o,u,n,d,a,r,y
e,q,u,i,t,a,b,l,e
r,e,t,a,i,n
e,x,c,l,u,s,i,v,e
o,u,t,p,a,t,i,e,n,t
w,a,i,v,e,r,s
w,e,l,f,a,r,e
t,e,r,r,i,t,o,r,i,e,s
o,r,i,e,n,t,a,t,i,o,n
p,r,o,p,e,r,t,i,e,s
s,i,g,n,e,d
l,a,y,a,w,a,y
b,e,l,l
a,d,v,a,n,c,e,s
e,a,r,n,e,d
w,a,t,e,r,s
t,h,i,s
m,e,e,t,i,n,g,s
p,e,t,i,t,i,o,n,s
l,i,b,r,a,r,i,a,n
t,e,r,m,i,n,a,t,e,d
g,o,a,l
f,a,b,r,i,c
a,c,h,i,e,v,i,n,g
s,t,r,u,c,t,u,r,e,s
m,u,t,u,a,l
v,a,l,i,d
s,u,b,s,a,h,a,r,a,n
e,x,p,e,d,i,t,e,d
a,n,t,i,c,i,p,a,t,e,d
w,e,s,t,e,r,n
d,o,o,r,k,e,e,p,e,r
n,e,t,w,o,r,k,s
s,e,a
s,e,l,l
a,c,c,u,r,a,c,y
s,o,l,i,c,i,t,a,t,i,o,n
a,s,s,o,c,i,a,t,i,o,n,s
c,a,n,c,e,r
p,r,o,t,o,c,o,l
i,n,n,o,v,a,t,i,v,e
m,i,n,o,r,s
w,o,m,a,n
g,e,n,e,r,a,l,f,o,r
l,a,w,f,u,l
d,i,g,i,t,a,l
r,e,c,o,v,e,r
k,e,y
s,h,a,r,e,h,o,l,d,e,r
s,o,l,e
r,e,m,o,v,e,d
s,t,a,l,k,i,n,g
e,x,p,i,r,e,d
b,o,a,r,d,s
e,n,t,e,r,i,n,g
v,o,t,e,r,s
s,e,m,i,a,n,n,u,a,l
i,n,c,i,d,e,n,t
c,o,n,t,r,a,c,t,o,r,o,w,n,e,d
u,n,s,p,e,c,i,f,i,e,d
r,e,s,p,e,c,t,i,v,e
h,a,w,a,i,i
p,u,n,i,s,h,e,d
i,n,f,o,r,m
s,a,l,a,r,y
s,i,t,u,a,t,i,o,n
m,a,c,h,i,n,e
a,f,f,i,l,i,a,t,e,d
d,a,t,i,n,g
g,e,n,e,r,a,l,s,u,b,s,e,c,t,i,o,n
s,p,o,n,s,o,r,e,d
o,u,t
t,a,k,e,s
d,i,s,c,l,o,s,u,r,e,s
m,u,l,t,i,y,e,a,r
u,t,i,l,i,t,i,e,s
f,u,n,g,i,b,l,e
n,e,g,o,t,i,a,t,i,o,n,s
f,r,e,i,g,h,t
p,u,r,c,h,a,s,e,s
s,o,u,g,h,t
s,t,e,w,a,r,t
i,l,l,i,n,o,i,s
d,e,p,i,c,t,e,d
w,o,r,l,d,w,i,d,e
p,e,r,t,a,i,n,i,n,g
c,o,u,n,t,e,r,d,r,u,g
s,h,a,r,e,h,o,l,d,e,r,s
i,n,f,l,u,e,n,c,e
c,a,n,c,e,l,l,a,t,i,o,n
w,e,e,k
i,n,v,e,s,t,i,g,a,t,i,v,e
c,o,m,b,i,n,e,d
l,o,u,i,s,i,a,n,a
c,o,m,b,i,n,a,t,i,o,n
f,i,n,a,n,c,e,d
d,a
o,b,t,a,i,n,i,n,g
f,u,r,n,i,s,h
o,p,e,r,a,t,o,r,s
w,a,i,v,e,d
c,l,o,t,h,i,n,g
c,r,e,a,t,e
s,e,q,u,e,n,c,e
c,o,n,t,a,m,i,n,a,n,t,s
i,m,p,r,i,s,o,n,m,e,n,t
s,a,v,e
t,e,c,h,n,o,l,o,g,i,c,a,l
g,u,a,m
a,l,t,e,r,n,a,t,e
e,x,p,e,n,d
a,m,b,e,r
f,l,e,e,t
w,a,l,t,e,r
c,o,l,o,m,b,i,a
k,e,n,t,u,c,k,y
t,r,a,d,e,m,a,r,k
m,e,t,h,o,d,o,l,o,g,y
s,t,a,f,f,i,n,g
c,o,m,m,e,n,c,e,d
i,n,c,o,r,p,o,r,a,t,e,d
a,d,o,p,t
h,i,r,i,n,g
n,a,t,i,o,n,a,l,s
s,e,v,e,r,e
m,i,s,s,i,l,e,s
u,t,i,l,i,z,e
v,a,c,a,n,c,y
h,i,g,h,l,y
a,u,t,h,o,r,i,t,y,t,h,e
c,o,r,p,u,s
m,e,m,o,r,a,n,d,u,m
t,h,e,r,e,t,o
f,o,u,r,t,h
f,o,o,t,w,e,a,r
c,o,m,m,a,n,d,e,r
o,r,e,g,o,n
j,o,b,s
e,x,p,o,r,t,i,m,p,o,r,t
x,i
f,u,e,l,s
h,e,a,d,q,u,a,r,t,e,r,s
b,a,c,k,g,r,o,u,n,d
a,s,s,u,r,a,n,c,e
p,r,i,s,o,n
l,o,g,i,s,t,i,c,s
r,e,f,e,r,r,a,l
r,a,t,i,n,g
m,i,n,e,r,a,l
c,o,n,f,i,r,m,a,t,i,o,n
a,u,t,o,m,o,t,i,v,e
l,a,b,e,l,i,n,g
s,t,a,t,e,d
u,n,l,e,s,s
s,t,r,e,n,g,t,h,e,n
l,a,b,o,r,a,t,o,r,i,e,s
d,o,n,o,t,c,a,l,l
c,o,n,t,e,n,t,s,t,h,e
n,o,r,m,a,l
r,i,g,h,t,o,f,w,a,y
m,e,d,i,a,t,i,o,n
f,o,s,t,e,r
n,a,t,u,r,a,l,i,z,a,t,i,o,n
p,a,s,s,a,g,e
a,b,r,o,a,d
l,i,t,i,g,a,t,i,o,n
p,r,i,s,o,n,e,r
s,t,a,r,t
d,i,s,c,r,i,m,i,n,a,t,o,r,y
o,r,a,l
c,o,l,l,e,c,t,i,v,e
p,a,y,r,o,l,l
i,n,d,i,c,a,t,o,r,s
q,u,a,r,t,e,r,s
s,u,b,s,e,q,u,e,n,t,l,y
r,e,s,c,i,s,s,i,o,n,s
s,a,m,o,a
e,x,p,o,r,t,e,r
e,x,t,r,a,o,r,d,i,n,a,r,y
f,m,a,p
m,o,b,i,l,e
c,o,n,t,i,n,u,e,s
g,r,a,n,t,i,n,g
m,o,t,h,e,r
v,i,r,g,i,n
u,n,i,f,o,r,m,s
p,a,r,t,i,a,l
g,r,a,d,u,a,t,e
s,u,r,v,i,v,o,r,s
h,e,r,e,a,f,t,e,r
d,e,a,d,l,i,n,e
p,a,k,i,s,t,a,n
r,a,t,a
a,n,t,i,t,e,r,r,o,r,i,s,m
c,o,m,p,a,c,t
v,i,o,l,a,t,e,s
b,u,t
u,n,a,u,t,h,o,r,i,z,e,d
c,l,i,m,a,t,e
e,x,p,e,r,t,s
c,o,n,t,r,i,b,u,t,e,d
e,n,g,i,n,e,e,r
t,a,c,t,i,c,a,l
r,e,c,o,m,m,e,n,d,e,d
p,r,o,p,e,r,l,y
m,i,l,k
r,e,m,a,r,k,s
i,n,s,p,e,c,t,i,o,n,s
i,n,t,e,l,l,e,c,t,u,a,l
o,b,l,i,g,a,t,e
s,p,e,c,i,a,l,t,y
m,a,r,i,a,n,a
l,i,e,n
e,l,i,m,i,n,a,t,e
l,e,a,s,e,s
c,o,n,s,e,r,v,a,t,o,r
s,t,r,i,k,e
r,e,m,e,d,i,a,t,i,o,n
d,e,n,t,a,l
y,i,e,l,d
g,u,a,r,a,n,t,y
a,s,s,u,r,a,n,c,e,s
i,n,f,l,a,t,i,o,n
p,e,r,m,i,t,s
f,u,r,n,i,s,h,i,n,g
b,r,a,c,k,e,t
s,e,c,u,r,e,d
o,c,t
i,n,i,t,i,a,t,e,d
u,n,c,l,a,s,s,i,f,i,e,d
e,x,i,s,t,e,n,c,e
r,e,v,i,e,w,e,d
n,a,m,e,l,y
v,o,i,c,e
h,i,s,t,o,r,i,c,a,l
e,n,t,e,r,p,r,i,s,e,s
g,r,o,u,p,s
d,i,s,t,a,n,c,e
r,e,m,o,v,e
r,o,s,a
m,u,l,t,i,e,m,p,l,o,y,e,r
s,h,e,l,t,e,r
c,h,a,l,l,e,n,g,e
c,o,n,t,a,m,i,n,a,t,i,o,n
p,a,n,a,m,a
c,o,n,v,i,c,t,i,o,n
c,o,r,r,e,c,t,i,o,n,s
s,a,f,e,g,u,a,r,d
r,a,d,i,o
g,e,n,e,r,a,l,c,h,a,p,t,e,r
b,r,i,n,g
a,w,a,r,d,i,n,g
m,i,d,d,l,e
p,e,r,s,i,a,n
h,o,s,p,i,t,a,l,s
b,c
g,e,n,e,r,i,c
a,g,e,n,c,y,s
r,e,c,e,i,v,e,r
h,a,b,i,t,a,t
c,o,r,e
e,n,g,l,i,s,h
b,u,r,d,e,n
c,u,s,t,o,m,e,r,s
p,r,o,p,e,r
w,o,r,k,s
r,e,c,o,g,n,i,z,e
q,u,a,l,i,f,i,c,a,t,i,o,n,s
b,a,t,t,e,r,y
d,e,e,m,s
m,o,n,i,t,o,r
p,r,o,v,i,s,i,o,n,s,t,h,i,s
c,a,r,e,s
e,l,e,c,t,r,i,f,i,c,a,t,i,o,n
p,r,e,g,n,a,n,t
x,v,i
d,e,c,e,d,e,n,t
b,r,e,a,c,h
r,e,s,t,o,r,e
m,i,n,i,m,i,z,a,t,i,o,n
s,t,a,t,i,s,t,i,c,a,l
o,u,t,c,o,m,e,s
a,f,t,e,r
b,d
r,e,g,u,l,a,t,i,o,n,s,t,h,e
r,u,s,s,i,a
r,e,l,i,g,i,o,n
c,a,p,a,b,l,e
d,e,s,c,r,i,b,e,s
c,o,m,p,u,t,e,d
p,e,a,c,e,f,u,l
m,e,m,o,r,i,a,l
c,r,e,a,t,i,o,n
r,o,a,d,s
p,r,o,t,e,c,t,i,n,g
l,o,w,e,s,t
a,t,t,e,m,p,t,s
d,e,f,e,n,d,a,n,t,s
r,e,s,e,r,v,e,s
p,r,o,c,l,a,m,a,t,i,o,n
r,e,l,i,a,b,i,l,i,t,y
m,i,n,i,n,g
i,n,d,e,p,e,n,d,e,n,c,e
c,o,n,s,u,m,p,t,i,o,n
p,r,o,t,o,c,o,l,s
c,o,n,t,r,i,b,u,t,e
o,w,e,d
v,o,l,u,n,t,e,e,r
c,o,m,p,l,i,e,s
t,r,u,s,t,s
f,r,a,m,e,w,o,r,k
p,o,r,t,s
e,x,t,e,n,d,i,n,g
d,e,m,o,n,s,t,r,a,t,e,s
u,t,i,l,i,z,e,d
r,e,p,a,i,r,s
r,e,v,i,s,i,o,n
r,e,l,e,a,s,e,d
c,r,e,a,t,e,d
r,e,s,t,r,i,c,t,e,d
b,a,s,e,l,i,n,e
c,o,l,l,a,b,o,r,a,t,i,o,n
l,i,c,e,n,s,e,s
b,o,o,k,s
c,o,u,n,t,e,r,t,e,r,r,o,r,i,s,m
a,d,v,o,c,a,t,e
s,u,p,p,l,e,m,e,n,t
m,i,s,s,i,n,g
d,i,s,c,h,a,r,g,e,d
t,h,r,o,u,g,h
c,a,t,a,s,t,r,o,p,h,i,c
d,e,f,i,n,i,t,i,o,n,s,f,o,r
i,l,l,i,c,i,t
c,h,e,c,k
v,i,d,e,o
e,x,c,e,l,l,e,n,c,e
s,p,o,n,s,o,r,s
a,d,d,r,e,s,s,i,n,g
b,u,r,m,e,s,e
c,o,n,v,e,y
x,v,i,i,i
a,c,t,u,a,r,i,a,l
y,a,r,n,s
a,l,l,o,t,m,e,n,t,s
g,a,o
c,o,n,t,a,m,i,n,a,n,t
l,u,n,c,h
r,a,c,e
m,o,r,t,g,a,g,e,e
h,o,m,e,s
e,x,p,l,a,n,a,t,o,r,y
a,m,e,r,i,c,a,s
s,k,i,l,l
h,a,z,a,r,d
c,o,m,p,l,e,x
w,i,t,h,h,o,l,d,i,n,g
e,a,s,e,m,e,n,t
o,b,j,e,c,t,i,v,e
a,t,t,e,n,d,i,n,g
w,o,o,l
m,e,d,i,c,a,l,l,y
a,c,c,r,u,e,d
b,r,o,k,e,r
c,r,i,s,i,s
a,g,r,e,e,s
a,d,j,u,s,t
d,i,v,i,d,e,n,d
h,o,s,t
e,m,b,a,s,s,y
d,e,p,o,t
m,o,n,o,g,r,a,p,h
e,l,e,c,t,r,i,c,i,t,y
t,e,r,r,i,t,o,r,i,a,l
l,i,n,e,s
s,u,r,p,l,u,s
m,e,r,c,h,a,n,d,i,s,e
a,p,p,o,i,n,t,m,e,n,t,s
h,a,i,t,i
a,l,t,e,r,n,a,t,i,v,e,s
s,u,b,s,i,d,i,a,r,y
b,o,d,i,l,y
a,f,f,o,r,d,a,b,i,l,i,t,y
j,u,r,i,s,d,i,c,t,i,o,n,s
s,u,c,c,e,s,s,f,u,l
a,d,v,e,r,s,e,l,y
p,r,o,m,o,t,i,n,g
e,x,e,m,p,t,i,o,n,s
r,e,m,a,i,n,d,e,r
p,r,o,c,l,a,i,m
l,i,a,b,i,l,i,t,i,e,s
c,o,r,r,e,c,t
e,a,s,e,m,e,n,t,s
w,a,s,t,e,w,a,t,e,r
s,o
e,n,g,a,g,i,n,g
c,o,m,b,a,t,a,n,t
p,r,e,l,i,m,i,n,a,r,y
p,r,o,p,o,r,t,i,o,n
i,n,t,e,r,d,i,c,t,i,o,n
r,e,p,o,r,t,t,h,e
s,t,r,e,e,t,s
c,u,r,i,a,e
o,r,d,e,r,s
o,h,i,o
a,b,s,e,n,c,e
c,l,e,a,n,u,p
r,e,v,i,e,w,i,n,g
m,i,g,r,a,t,i,o,n
i,n,s,e,r,t
s,u,b,m,i,t,t,i,n,g
d,i,s,o,r,d,e,r,s
m,e,r,i,t
t,r,a,n,s,p,o,r,t
c,o,l,u,m,n
e,l,e,c,t,s
l,a,w,f,u,l,l,y
a,v,o,i,d
p,a,l,e,s,t,i,n,i,a,n
r,a,n,c,h,e,r,s
c,o,l,l,a,b,o,r,a,t,i,v,e
c,o,m,m,u,t,e,r
p,r,e,m,i,s,e,s
a,m,i,c,u,s
s,u,p,p,l,i,e,r
r,e,l,i,a,b,l,e
g,e,n,e,r,a,t,e,d
i,n,s,t,r,u,m,e,n,t,s
t,e,s,t,s
u,n,i,v,e,r,s,i,t,i,e,s
c,f,r
y,a,r,n
d,i,s,t,r,i,b,u,t,e
a,c,c,u,r,a,t,e
i,n,v,e,s,t,i,g,a,t,e
c,o,m,p,u,t,i,n,g
c,o,m,p,l,y,i,n,g
a,p,p,o,r,t,i,o,n,m,e,n,t
m,e,r,c,h,a,n,t
c,o,l,l,e,g,e,s
g,o,d
u,p,p,e,r
a,d,u,l,t,s
c,o,l,l,a,t,e,r,a,l
c,h,a,i,r
s,c,e,n,i,c
p,r,o,h,i,b,i,t,i,o,n,s
e,m,p,l,o,y,i,n,g
r,e,v,i,t,a,l,i,z,a,t,i,o,n
c,l,a,s,s,e,s
s,h,o,r,e
a,g,r,e,e
a,v,e,n,u,e
t,h,r,e,a,t,e,n,e,d
e,k,l,u,t,n,a
s,o,u,t,h,w,e,s,t
x,x,i
a,l,l,o,c,a,t,e
d,e,p,r,e,c,i,a,t,i,o,n
h,e,a,d,s
f,o,r,m,a,t
p,h,y,s,i,c,i,a,n,s
s,o,u,t,h,e,r,n
f,a,a
c,o,t,t,o,n
m,a,y,o,r
c,o,n,t,i,n,g,e,n,t
d,e,b,a,t,a,b,l,e
c,a,m,p
w,a,r,f,a,r,e
a,d,v,e,r,t,i,s,i,n,g
f,i,l,e,s
q,u,a,l,i,f,y
c,o,n,t,r,a,c,t,u,a,l
p,r,o,g,r,a,m,t,h,e
v,e,n,t,u,r,e
s,u,s,p,e,n,d
e,x,i,s,t
i,n,e,l,i,g,i,b,l,e
e,n,g,r,o,s,s,e,d
c,o,u,n,t,e,r,m,e,a,s,u,r,e
b,i,r,t,h
e,x,p,r,e,s,s,e,d
f,a,b,r,i,c,s
e,x,e,r,c,i,s,e,d
e,x,p,a,t,r,i,a,t,e
d,b
d,e,n,y
b,i,o,m,a,s,s
b,r,o,a,d,c,a,s,t
c,o,o,r,d,i,n,a,t,o,r,s
t,r,a,n,s,i,t,i,o,n,a,l
a,c,q,u,i,s,i,t,i,o,n,s
s,a,t,i,s,f,a,c,t,o,r,y
a,h,i,b
a,d
n,o,n,c,o,m,p,l,i,a,n,c,e
l,e,a,s,e,d
r,e,f,e,r,e,n,c,e,d
s,u,b,s,c,r,i,b,e,r
m,o,r,a,t,o,r,i,u,m
s,a,t,i,s,f,a,c,t,i,o,n
r,i,v,e,r,s
o,c,c,u,r
s,t,a,t,i,o,n,s
r,e,c,y,c,l,e
t,e,x,t,i,l,e,s
t,e,r,r,o,r,i,s,t,s
p,r,o,g,r,a,m,s,e,c,t,i,o,n
e,v,a,l,u,a,t,i,n,g
a,t,t,a,i,n,e,d
p,r,e,p,a,r,e,r
u,t,e
b,e,f,o,r,e
p,e,r,u
d,e,f,i,c,i,e,n,c,y
b,a,n
s,p,e,c,i,f,i,c,a,t,i,o,n,s
w,w,w,g,p,o,g,o,v
a,p,p,l,i,a,n,c,e,s
i,s,s,u,i,n,g
r,e,f,e,r
c,u,b,a,n
a,g,i,n,g
r,e,c,r,u,i,t,m,e,n,t
c,l,a,i,m,e,d
t,r,a,i,l
c,o,a,l,i,t,i,o,n
i,n,s,t,i,t,u,t,i,o,n,a,l
o,k,l,a,h,o,m,a
p,r,e,g,n,a,n,c,y
n,a,i,c
a,c,q,u,i,r,i,n,g
c,o,n,f,i,d,e,n,t,i,a,l,i,t,y
b,o,u,n,d,a,r,i,e,s
d,a,k,o,t,a
e,n,r,o,l,l,e,e
n,o,t,i,c,e,s
m,a,r,s,h,a,l,s
p,r,e,v,e,n,t,i,n,g
p,o,s,s,i,b,l,e
e,n,t,e,r,t,a,i,n,m,e,n,t
s,o,i,l
m,o,r,o,c,c,o
s,a,t,e,l,l,i,t,e
q,u,a,n,t,i,t,i,e,s
i,n,t,e,r,p,r,e,t,a,t,i,o,n
a,w,a,r,e,n,e,s,s
t,a,x,e,x,e,m,p,t
s,u,b,c,o,m,m,i,t,t,e,e
u,n,e,x,p,e,n,d,e,d
s,u,b,m,a,r,i,n,e
e,n,l,i,s,t,e,d
i,n,p,a,t,i,e,n,t
p,r,e,s,e,n,c,e
h,i,g,h,l,e,v,e,l
c,e,n,t,u,r,y
i,n,s,t,r,u,c,t,i,o,n,a,l
d,i,e,m
u,p,d,a,t,e,d
u,n,i,o,n,s
a,d,m,i,n,i,s,t,r,a,t,i,o,n,s
p,h,s
c,l,o,s,e,d
c,o,r,r,e,c,t,i,v,e
b,l,a,c,k
c,o,n,c,e,s,s,i,o,n,e,r
c,i,v,i,c,s
c,o,s,t,s,h,a,r,i,n,g
t,i,t,l,e,t,h,i,s
c,h,o,i,c,e
t,r,e,a,t
r,e,p,r,e,s,e,n,t,i,n,g
r,e,d
c,o,n,c,e,s,s,i,o,n
a,f,g,h,a,n
s,a,f,e,g,u,a,r,d,s
a,n,a,l,y,s,e,s
s,u,r,v,i,v,i,n,g
e,x,p,a,n,d,e,d
s,t,a,b,i,l,i,t,y
a,p,p,r,o,a,c,h,e,s
i,m,p,a,c,t,e,d
l,e,v,e,e
m,u,l,t,i,p,l,i,e,d
p,a,t,e,n,t,s
i,n,v,o,l,u,n,t,a,r,y
j,a,m,e,s
s,m,a,l,l
t,e,n,n,e,s,s,e,e
c,e,r,t,i,f,i,c,a,t,e,s
o,f,f,s,e,t
l,o,b,b,y,i,s,t,s
u,n,e,m,p,l,o,y,e,d
i,d,e,n,t,i,f,i,e,s
w,h,o,l,l,y
c,o,m,m,i,t
e,x,c,e,e,d,i,n,g
s,p,i,l,l
r,e,v,o,c,a,t,i,o,n
l,e,g,a,l,l,y
o,v,e,r,t,i,m,e
i,n,s,u,f,f,i,c,i,e,n,t
m,a,n,d,a,t,e
r,o,y,a,l,t,y
r,e,c,o,v,e,r,e,d
l,a,r,g,e
i,n,d,i,a,n,s
i,n,t,e,r,v,e,n,t,i,o,n
r,e,l,a,t,i,o,n
e,x,p,i,r,i,n,g
c,r,o,p,s
h,a,n,d,g,u,n
z,o,n,e,s
p,r,o,d,u,c,t,i,v,i,t,y
e,x,e,c,u,t,e,d
f,i,l,l,e,d
i,n,t,e,r,g,o,v,e,r,n,m,e,n,t,a,l
c,o,m,p,e,t,e,n,t
n,u,m,b,e,r
w,h,i,t,e
p,e,n,s,i,o,n,s
c,o,l,o,r
d,i,s,p,o,s,e,d
m,e,d,i,a
s,u,n,s,e,t
m,i,l,e,s,t,o,n,e
s,u,b,p,o,e,n,a
e,x,p,r,e,s,s
c,o,n,d,e,m,n,a,t,i,o,n
i,n,s,u,r,e,r
e,x,c,i,s,e
e,t,c
c,o,u,n,t,e,r
m,e,c,h,a,n,i,s,m
e,s,c,r,o,w
c,a,l,c,u,l,a,t,i,n,g
e,x,i,s,t,s
p,o,r,t,i,o,n,s
n,o,r,d
t,e,n,a,n,t
r,e,p,o,r,t,a,b,l,e
n,o,n,d,i,s,c,l,o,s,u,r,e
e,m,p,l,o,y
b,r,o,a,d,b,a,n,d
p,o,s,i,t,i,v,e
o,r,i,g,i,n,a,t,e,d
u,n,i,q,u,e
q,u,e,s,t,i,o,n
d,i,s,t,r,i,c,t,s
s,e,c,r,e,t,a,r,y,t,h,e
o,c,e,a,n
w,e,a,t,h,e,r
c,y,c,l,e
p,u,n,i,s,h,m,e,n,t
a,s,s,e,s,s,i,n,g
a,l,t,e,r
l,a,n,d,f,i,l,l
s,o,c,i,e,t,y
m,a,n,a,g,e
p,r,o,v,i,s,i,o,n,a,l
w,i,l,d,f,i,r,e
f,o,r,c,e,d
o,f,f,e,r,s
w,a,r,r,a,n,t
a,t,t,e,m,p,t
l,a,y,o,v,e,r
c,h,i,l,e
c,o,u,n,t,e,r,i,n,t,e,l,l,i,g,e,n,c,e
c,a,s,e,b,y,c,a,s,e
d,w,e,l,l,i,n,g
a,s,s,u,r,e
e,r,r,o,r
r,e,q,u,i,r,e,m,e,n,t,s,t,h,e
f,i,s,h,e,r,i,e,s
c,h,i,l,d,h,o,o,d
c,e,r,t,i,f,i,c,a,t,i,o,n,s
l,e,g,a,c,y
d,e,t,a,i,l,s
h,e,a,r,i,n,g,s
i,m,p,o,r,t,e,r,s
s,h,a,r,e,d
b,o,r,r,o,w,e,r,s
c,e,m,e,t,e,r,y
c,i,r,c,u,m,s,t,a,n,c,e
i,n,f,a,n,t,s
a,c,c,e,p,t,a,b,l,e
d,a,m,a,g,e,d
k,o,r,e,a,n
i,n,t,e,n,t,i,o,n,a,l,l,y
p,u,b,l,i,c,a,t,i,o,n,s
e,x,t,e,n,s,i,o,n,s
c,o,n,s,t,i,t,u,t,i,o,n,a,l
b,i,i
p,t
h,u,m,a,n,i,t,i,e,s
m,a,p,p,i,n,g
o,r,g,a,n,i,z,a,t,i,o,n,a,l
c,h,a,r,a,c,t,e,r,i,s,t,i,c,s
o,u,t,o,f,s,t,a,t,e
a,l,l
a,f,f,i,l,i,a,t,e,s
l,e,t,t,e,r
a,e
m,e,a,n,i,n,g,s
a,c,c,r,e,d,i,t,a,t,i,o,n
m,e,d,i,a,n
d,r,a,i,n,a,g,e
v,i,o,l,a,t,e
g,e,n,e,r,a,l,t,h,e,r,e
i,r,r,i,g,a,t,i,o,n
d,r,i,v,e,r,s
d,e,p,o,s,i,t,s
o,r,i,g,i,n,a,l,l,y
t,e,n,a,n,t,s
t,r,a,n,s,f,e,r,e,e
s,t,a,n,d,i,n,g
a,l,l,o,c,a,b,l,e
d,i,v,i,d,e,d
s,u,s,t,a,i,n,a,b,l,e
c,o,m,p,o,s,e,d
d,e,p,l,o,y,e,d
e,s,t,a,b,l,i,s,h,e,s
s,e,l,f,d,e,t,e,r,m,i,n,a,t,i,o,n
g,u,n
a,d,m,i,n,i,s,t,r,a,t,o,r,s
c,o,n,s,i,s,t
p,a,r,k,i,n,g
s,p,e,c,i,f,i,e,d
i,n,c,o,r,r,e,c,t
r,e,f,i,n,a,n,c,i,n,g
s,c,l,e,r,o,s,i,s
r,e,q,u,e,s,t,i,n,g
c,a,s,e,s
c,o,n,s,t,i,t,u,t,e,s
c,o,m,p,e,n,s,a,t,e,d
n,e,c,e,s,s,i,t,y
h,e,a,t
r,e,g,i,o,n,s
s,a,t,i,s,f,i,e,s
o,f,f,e,n,d,e,r
m,u,r,d,e,r
g,e,n,d,e,r
d,o,n,a,t,i,o,n,s
c,u,r,r,e,n,c,i,e,s
c,r,e,w
g,e,s,t,a,t,e,d
q,u,o,t,a
j,a,p,a,n
d,e,v,e,l,o,p,m,e,n,t,a,l
s,u,g,a,r
a,l,l,i,a,n,c,e
a,p,p,r,a,i,s,a,l
f,l,o,o,r
d,e,g,r,e,e,s
a,l,a,b,a,m,a
c,i,r,c,u,i,t
r,e,f,u,g,e
i,n,f,o,r,m,e,d
w,i,l,d,l,a,n,d
p,r,e,c,l,u,d,e
a,c,c,e,s,s,i,b,l,e
u,n,u,s,e,d
s,e,i,z,u,r,e
e,l,e,m,e,n,t,s,t,h,e
s,e,p,a,r,a,t,e,d
h,a,n,d,l,i,n,g
p,c,s
r,e,p,a,y
f,i,n,d,i,n,g,s,c,o,n,g,r,e,s,s
o,c,c,u,p,a,n,c,y
r,e,s,c,u,e
d,i,s,p,l,a,c,e,d
s,c,o,r,e,c,a,r,d,s,t,h,e
d,i,f,f,e,r,e,n,c,e
s,o,l,i,c,i,t
r,e,q,u,i,r,e,d,t,h,e
e,n,t,r,a,n,t
t,i,e,r
s,t,r,e,n,g,t,h
f,l,e,x,i,b,l,e
s,o,u,n,d
p,u,r,c,h,a,s,e,r
s,e,p,a,r,a,t,e,l,y
t,r,i,b,u,t,a,r,i,e,s
c,o,n,t,a,i,n,e,r,s
r,e,m,e,d,i,a,l
e,n,d,u,r,i,n,g
t,e,a,m
c,o,u,r,s,e,s
d,e,l,i,v,e,r,e,d
p,r,i,n,t,e,d
m,o,u,n,t,a,i,n
a,d,e,q,u,a,t,e,l,y
e,n,f,o,r,c,i,n,g
t,r,u,s,t,e,e,s
r,e,g
p,a,t,r,o,l
s,e,q,u,e,s,t,r,a,t,i,o,n
p,r,o,h,i,b,i,t,i,n,g
p,r,o,g,r,a,m,m,i,n,g
w,o,r,s,h,i,p
e,x,a,m,i,n,e
i,n,d,u,s,t,r,i,e,s
i,n,s,t,a,l,l,m,e,n,t
h,o,u,r
h,e,a,l,t,h,c,a,r,e
t,h,r,i,f,t
n,o,t,e,s
c,o,n,s,e,c,u,t,i,v,e
w,i,t,h,o,u,t
e,x,p,l,o,s,i,v,e,s
s,u,s,p,e,n,d,e,d
c,a,n,a,d,a
r,e,c,r,u,i,t,i,n,g
b,e,h,a,v,i,o,r,a,l
f,f
d,i,s,c,u,s,s,i,o,n
a,t,m,o,s,p,h,e,r,i,c
c,o,m,p,l,a,i,n,t,s
i,n,c,i,d,e,n,t,s
g,e,o,r,g,i,a
q,u,a,l,i,f,i,c,a,t,i,o,n
a,f
e,x,p,a,n,d,i,n,g
s,k,i,l,l,e,d
w,o,r,d
l,e,s,s
c,h,a,l,l,e,n,g,e,s
b,l,i,n,d
f,e,d
l,e,s,s,e,e
v,i,e,w,s
c,r,e,d,i,b,l,e
m,i,s,u,s,e
a,d,j,a,c,e,n,t
n,o,n,r,u,b,b,e,r
u,n,a,b,l,e
i,n,j,u,n,c,t,i,o,n
w,i,t,n,e,s,s,e,s
d,i,s,c,i,p,l,i,n,a,r,y
m,i,t,i,g,a,t,e
i,n,c,i,d,e,n,t,a,l
p,r,e,v,a,i,l,i,n,g
c,o,m,m,i,s,s,i,o,n,e,r,s
b,d,i
v,a,l,u,e,s
s,e,a,l
f,r,e,q,u,e,n,t,l,y
v,o,u,c,h,e,r,s
i,n,s,u,r,e,r,s
k,i,n,g
r,e,s,i,d,i,n,g
e,x,p,i,r,e
m,a,n,d,a,t,e,s
n,o,t,w,i,t,h,s,t,a,n,d,i,n,g
t,a,r,g,e,t,i,n,g
s,t,a,k,e,h,o,l,d,e,r,s
k,r
a,r,t
d,e,d,u,c,t,i,o,n,s
g,u,i,d,e,w,a,y
o,v,e,r,p,a,y,m,e,n,t
a,c,h,i,e,v,e,d
s,c,h,e,d,u,l,e,d
p,a,r,e,n,t,a,l
a,u,s,t,r,a,l,i,a
h,e,a,t,i,n,g
d,i,s,b,u,r,s,e,m,e,n,t,s
h,o,m,e
s,a,n,c,t,i,o,n
h,a,b,e,a,s
p,a,c,k,i,n,g
a,s,y,l,u,m
n,e,g,o,t,i,a,t,e,d
u,n,d,e,r,t,a,k,e
r,u,l,i,n,g
c,o,n,j,u,n,c,t,i,o,n
k,n,o,w,i,n,g
i,n,c,l,u,d,i,b,l,e
w,o,r,k,p,l,a,c,e
w,i,t,h,d,r,a,w,n
f,i,n,e
i,n,t,e,n,d,s
t,e,a,m,s
l,a,c,k
r,e,s,e,l,l,e,r
r,e,m,a,i,n,s
i,n,v,e,s,t,o,r,s
i,n,v,a,l,i,d
r,e,l,a,t,e
u,n,p,a,i,d
p,e,r,i,o,d,i,c,a,l,l,y
r,e,n,d,e,r,e,d
c,h,a,i,n
n,o,n,r,e,i,m,b,u,r,s,a,b,l,e
t,h,e,a,t,e,r
n,i,h
d,e,s,e,c,r,a,t,i,o,n
p,a,i,n
s,u,b,t,o,t,a,l
o,t,c
s,u,p,p,o,r,t,s
h,b
i,a,e,a
r,e,p,o,s,i,t,o,r,y
f,a,r,m,i,n,g
r,e,p,r,e,s,e,n,t
e,x,c,l,u,s,i,v,e,l,y
a,e,r,i,a,l
s,w,e,e,p,s,t,a,k,e,s
p,r,e,p,a,r,i,n,g
s,o,c,i,a,l,l,y
c,o,m,p,e,n,s,a,t,e
o,c,c,u,p,i,e,d
g,e,n,e,r,a,l,a,n
d,i,e,d
v,o,u,c,h,e,r
p,a,c,k,a,g,i,n,g
c,o,n,t,r,a,r,y
j,o,h,n
r,e,s,i,d,e,s
o,b,s,e,r,v,e,r,s
a,c,c,o,m,p,a,n,i,e,d
s,u,b,c,l,a,u,s,e,s
m,a,i,l,i,n,g
r,o,n,a,l,d
i,n,j,u,r,i,e,s
m,e,d,i,u,m
t,h,e,f,t
r,a,n,k,i,n,g
c,l
s,t,r,e,a,m
c,e,r,t,i,f,y,i,n,g
p,r,o,s,t,i,t,u,t,i,o,n
t,h,e,r,a,p,y
s,u,p,p,l,i,e,r,s
n,y
h,o,l,d,e,r,s
d,a,n,g,e,r
f,i,b,e,r
a,s,i,a
j,o
m,a,r,y,l,a,n,d
d,e,f,i,n,i,n,g
e,a
a,n,t,i,t,r,u,s,t
b,a,s,e,s
w,i,t,h,h,e,l,d
r,e,s,e,r,v,o,i,r
l,i,m,i,t,a,t,i,o,n,t,h,e
a,l,t,e,r,a,t,i,o,n,s
s,e,t,s
c,a,l,c,u,l,a,t,i,o,n
p,r,e,s,e,n,t,a,t,i,o,n
r,e,a,c,t,o,r
c,o,l,l,e,c,t,i,n,g
j,u,r,y
m,e,a,l,s
u,r,u,g,u,a,y
v,o,l,u,n,t,a,r,i,l,y
b,e,g,u,n
c,o,n,s,u,l,t,a,t,i,o,n,s
a,s,i,a,n
s,u,s,t,a,i,n,e,d
c,o,m,m,e,n,c,e
b,a,i,i
d,e,p,o,r,t,a,t,i,o,n
c,o,u,n,t,e,r,m,e,a,s,u,r,e,s
e,c,o,n,o,m,i,c,a,l,l,y
o,p,i,n,i,o,n
a,d,v,o,c,a,c,y
s,u,c,c,e,s,s
f,a,c,i,l,i,t,a,t,i,o,n
m,e,d,a,l,s
d,e,l,a,w,a,r,e
t,r,a,n,s,p,a,r,e,n,c,y
c,o,o,p,e,r,a,t,e
r,e,s,t,r,i,c,t
b,i,d
a,t
p,u,n,i,t,i,v,e
s,e,g,m,e,n,t
t,r,a,i,n
l,a,t,e,r
f,i,r,e,r,e,t,a,r,d,a,n,t
w,e,e,k,s
i,n,k,i,n,d
a,r,b,i,t,r,a,t,i,o,n
f,o,r,e,c,l,o,s,u,r,e
a,d,e,q,u,a,c,y
n,a,t,i,o,n,w,i,d,e
i,d,e,n,t,i,f,i,a,b,l,e
a,r,m,o,r
u,n,d,e,r,g,r,a,d,u,a,t,e
p,r,o,o,f
s,u,m,m,e,r
d,i,s,s,e,m,i,n,a,t,e
e,q,u,a,l,l,y
q,u,a,l,i,f,i,e,s
e,x,e,r,c,i,s,i,n,g
a,m,y,o,t,r,o,p,h,i,c
a,r,k,a,n,s,a,s
c,a,s,u,a,l,t,y
l,o,c,k
d,i,s,p,o,s,e
e,n,r,o,l,l
c,o,n,c,l,u,s,i,o,n
f,o,r,e,s,t,s
d,e,p,a,r,t,u,r,e
o,r,d,n,a,n,c,e
t,u,b,e,r,c,u,l,o,s,i,s
r,e,a,g,a,n
a,s,s,i,s,t,i,n,g
n,u,r,s,e
d,a,n,g,e,r,o,u,s
f,u,t,u,r,e,s
s,e,l,e,c,t,i,n,g
r,e,t,u,r,n,e,d
c,o,s,t,e,f,f,e,c,t,i,v,e
w,h,i,p
t,h,i,r,d,p,a,r,t,y
l,a,k,e,s
l,e,g,i,t,i,m,a,t,e
g,u,i,d,e
a,p,p,r,o,p,r,i,a,t,e,l,y
m,i,n,i,m,i,z,e
m,e,r,i,d,i,a,n
d,e,r,i,v,a,t,i,o,n
r,e,c,y,c,l,i,n,g
o,c,e,a,n,i,c
d,i,s,c,o,v,e,r,y
r,a,d,i,o,l,o,g,i,c,a,l
e,n,g,a,g,e,s
t,r,u,t,h
n,a,m,e
f,i,b,e,r,s
h,o,u,s,e,h,o,l,d,s
r,e,c,o,m,m,e,n,d
p,l,a,c,e
d,r,a,f,t
d,e,c,o,m,m,i,s,s,i,o,n,i,n,g
m,a,i,n
l,i,b,r,a,r,i,e,s
h,a,z,a,r,d,s
r,e,p,l,a,c,e
p,e,a,n,u,t,s
f,i,r,s,t
w,i,l,d
s,t,r,u,c,t,u,r,a,l
c,i,v,i,c
u,n,d,e,r,l,y,i,n,g
n,a,m,e,d
f,i,d,u,c,i,a,r,y
p,r,i,s,o,n,e,r,s
f,e,a,t,u,r,e,s
c,o,v,e
p,e,r,f,o,r,m,s
m,i,p,s
p,r,o,j,e,c,t,b,a,s,e,d
s,i,n,g,a,p,o,r,e
p,r,o,c,u,r,e
t,r,e,a,t,m,e,n,t,s
s,u,p,p,l,e,m,e,n,t,a,r,y
g,e,n,e,r,a,l,a,n,y
b,r,o,w,n,f,i,e,l,d
o,n,e,h,a,l,f
l,e,b,a,n,o,n
m,i,n,e,r,a,l,s
c,i,r,c,u,l,a,r
f,o,r,m,a,l
f,i,d,e
s,u,s,p,e,c,t,e,d
n,a,m,e,s
s,e,n,a,t,o,r,s
p,a,p,e,r
t,e,s,t,i,m,o,n,y
f,e,l,l,o,w,s,h,i,p
b,o,n,a
r,e,f,o,r,m,s
a,r,c,h,i,t,e,c,t,u,r,e
s,t,r,e,n,g,t,h,e,n,i,n,g
c,o,u,n,t,e,r,i,n,g
e,x,t,e,r,n,a,l
f,o,r,e,n,s,i,c
i,n,f,e,c,t,i,o,u,s
s,h,o,r,t,a,g,e
i,s,s,u,e,r,s
o,m,i,s,s,i,o,n
a,t,t,e,n,d
m,u,n,i,c,i,p,a,l,i,t,i,e,s
m,e,a,s,u,r,e,m,e,n,t
f,o,r,u,m
r,e,s,e,t,t,l,e,m,e,n,t
m,e,d,i,c,a,r,e,a,d,v,a,n,t,a,g,e
c,e,i,l,i,n,g
p,o,s,t,g,r,a,n,t
v,i,s,i,t,o,r
c,h,i,l,d,s
m,a,l,a,r,i,a
m,a,n,a,g,i,n,g
d,i,s,c,r,i,m,i,n,a,t,e
s,e,w,e,r
p,h,a,s,e,o,u,t
l,o,d,g,i,n,g
c,o,n,s,u,l,t,i,n,g
i,m,p,o,s,i,n,g
d,r,o,u,g,h,t
s,t,a,t,e,t,h,e
a,u,c,t,i,o,n
m,a,t,e,r,i,a,l,l,y
r,e,i,n,s,u,r,a,n,c,e
d,e,c,e,p,t,i,v,e
r,a,p,i,d
l,a,u,n,c,h
g,r,a,t,u,i,t,i,e,s
t,a,b,l,e,s
s,u,b,c,o,n,t,r,a,c,t
l,i,c,e,n,s,e,e
r,e,v,i,s,e
s,e,r,v,e,s
r,i,s,e
i,l
p,r,e,f,e,r,r,e,d
u,n,i,f,i,e,d
c,o,n,c,u,r,r,e,n,c,e
r,e,v,i,s,i,o,n,s
v,a,c,c,i,n,e
c,o,r,r,e,c,t,i,o,n
v,i,o,l,a,t,e,d
p,a,n,d,e,m,i,c
t,e,m,p,o,r,e
r,e,f,u,g,e,e,s
b,u,i,l,d
u,n,d,e,r,g,o
c,l,e,a,r,i,n,g
i,n,p,u,t
m,o,v,e,m,e,n,t
p,r,o,f,i,t
p,o,s,s,e,s,s,i,o,n,s
e,b
d,e,b,t,s
u,n,s,u,b,s,i,d,i,z,e,d
r,a,n,g,e,l,a,n,d
c,a,l,l,s
v,i,s,i,t
c,o,n,s,o,r,t,i,a
e,l,e,c,t,r,i,c,a,l
i,n,l,a,n,d
a,d,d,r,e,s,s,e,d
m,a,r,r,i,e,d
s,t,r,u,c,k
e,x,p,l,o,i,t,a,t,i,o,n
o,r,r
p,r,o,c,e,s,s,e,d
e,n,h,a,n,c,i,n,g
a,s,s,o,c,i,a,t,e
c,h,a,r,a,c,t,e,r
i,n,v,o,l,v,e
l,i,s,t,i,n,g
c,a,b,l,e
s,u,b,d,i,v,i,s,i,o,n,s
c,o,m,m,a,n,d,e,r,s
h,u,b
s,i,c,k
d,z
r,a,i,s,e,d
s,h,a,r,e,s
o,m,b,u,d,s,m,a,n
d,e,s,e,r,t
c,o,b,r,a
p,a
e,t,h,n,i,c
m,o,n,t,a,n,a
l,u,i,s
w,i,d,e
d,e,t,a,i,n,e,d
a,t,t,e,m,p,t,e,d
l,o,s
f,r,a,u,d,u,l,e,n,t
o,n,e,s,t,o,p
i,n,f,r,i,n,g,e,m,e,n,t
s,w,a,p,s
l,i,c,e,n,s,u,r,e
s,u,i,t,a,b,l,e
s,e,c,t,o,r,s
s,p,a,c,e,s
c,l,o,s,i,n,g
p,o,o,l
w,i,l,l,f,u,l
t,o,u,r
d,e,a,l,e,r,s
b,i,p,a,r,t,i,s,a,n
v,o,l,u,n,t,e,e,r,s
c,h,e,m,i,c,a,l,s
d,e,c,r,e,a,s,e
s,c,h,e,d,u,l,e,s
p,r,e,f,e,r,e,n,c,e,s
d,e,l,i,v,e,r
d,e,s,c,r,i,b,e,d
t,r,a,u,m,a,t,i,c
a,p,p,r,o,v,i,n,g
s,u,s,t,a,i,n,m,e,n,t
d,e,d,u,c,t,i,b,l,e
i,n,f,a,n,t
m,i,l,e
l,o,c,a,l,i,t,y
f,r,e,q,u,e,n,c,y
e,x,a,m,i,n,a,t,i,o,n,s
s,u,r,v,i,v,a,l
g,e,n,e,r,a,l,e,a,c,h
f,a,c,u,l,t,y
d,u,l,y
r,a,p,e
w,o,r,t,h
n,e,g,a,t,i,v,e
p,e,t,i,t,i,o,n,e,r
i,n,s,p,e,c,t,o,r,s
p,r,a,c,t,i,t,i,o,n,e,r
w,a,i,t,i,n,g
s,p,e,c,t,r,u,m
i,n,c,r,e,m,e,n,t,a,l
a,d,v,i,s,e
r,e,s,i,d,e,n,c,y
s,u,b,s,c,r,i,b,e,r,s
v,i,c,i,n,i,t,y
p,a,r,t,e,s
u,n,f,a,i,r
g,u,a,n,t,a,n,a,m,o
m,a,r,g,i,n
p,r,o,f,i,t,s
s,e,n,s,i,t,i,v,e
p,o,u,l,t,r,y
h,a,s
f,i,v,e,y,e,a,r
f,i,e,l,d,s
i,n,d,e,b,t,e,d,n,e,s,s
h,u,n,t,i,n,g
a,l,e,r,t,s
i,n,c,i,d,e,n,c,e
r,e,f,u,n,d,s
d,r,i,v,e
m,i,n,u,t,e,s
m,a,t,c,h
d,e,c,e,a,s,e,d
c,h,e,c,k,s
l,o,s,t
b,h
o,n,e,y,e,a,r
p,e,r,m,i,t,t,i,n,g
s,c,h,o,l,a,r,s,h,i,p,s
b,i,l,l,i,n,g
e,i,t,h,e,r
s,a,t,i,s,f,i,e,d
h,o,m,e,o,w,n,e,r,s,h,i,p
t,h,e,r,e,u,n,d,e,r
s,u,r,v,i,v,o,r
c,o,m,m,a,n,d,s
p,a,n,e,l,s
j,u,s,t,i,f,i,e,d
s,o,u,n,d,n,e,s,s
i,d,a,h,o
a,n,d,o,r
u,p,g,r,a,d,e
l,i,n,e
g,e,n,e,r,a,l,s,u,b,p,a,r,a,g,r,a,p,h
a,i,i,i
h,i,s,t,o,r,i,e,s
i,r,a,n,s
b,e,a,r,i,n,g
b,i,o,d,i,e,s,e,l
s,t,a,t,e,s,i,n,d,i,a
c,o,m,p,a,r,e,d
s,u,p,p,o,r,t,i,v,e
d,d
f,a,c,i,l,i,t,a,t,i,n,g
p,r,i,v,i,l,e,g,e,s
k,a,n,s,a,s
f,h,a
e,x,p,e,r,t
s,u,b,m,i,t,t,a,l
a,r,i,z,o,n,a
r,e,p,r,e,s,e,n,t,e,d
d,i,a,g,n,o,s,t,i,c
u,t,i,l,i,z,i,n,g
c,o,m,m,a
c,h,a,n,n,e,l
d,i,s,r,e,g,a,r,d
b,e,n,e,f,i,c,i,a,l
b,r,i,n,g,i,n,g
r,e,a,d,j,u,s,t,m,e,n,t
c,i
i,n,v,o,l,v,e,s
i,n,t,e,r,f,e,r,e,n,c,e
c,r,u,d,e
i,m,m,i,n,e,n,t
d,u,a,l
i,n,q,u,i,r,y
c,o,r,r,e,c,t,i,o,n,a,l
h,o,n,o,r
i,n,t,e,r,e,s,t,s
s,u,i,t
o,m
s,c,o,r,e
c,o,n,t,i,g,u,o,u,s
q,u,o,r,u,m
s,u,p,e,r,v,i,s,e,d
c,o,m,p,u,t,a,t,i,o,n
r,e,c,a,p,t,u,r,e
w,i,n,d
l,i,b,e,r,t,i,e,s
m,a,i,n,t,a,i,n,s
p,e,l,l
a,s,s,u,m,e
x,i,i
i,n,t,e,r,a,m,e,r,i,c,a,n
s,e,e,d
d,o,n,o,r
a,u
s,e,e,k,s
c,o,n,s,p,i,r,e,s
m,i,c,h,i,g,a,n
b,o,r,o,u,g,h
c,e,n,t,s
d,e,e,d
b,u,r,d,e,n,s
u,n,d,e,r,g,r,o,u,n,d
b,e,a,c,h
h,a,r,m,o,n,i,z,e,d
g,b
s,h,i,p,s
m,a,p,s
r,e,q,u,i,r,e,m,e,n,t,t,h,e
b,o,n,u,s,e,s
h,a,w,a,i,i,a,n
l,e,t,t,e,r,s
s,u,p,e,r,v,i,s,o,r,y
e,x,e,c,u,t,e
a,c,c,o,u,n,t,e,d
d,i,r,e,c,t,i,v,e,s
t,r,a,n,s,f,e,r,o,r
a,p,p,e,n,d,i,x
a,p,p,r,o,a,c,h
c,o,n,s,i,d,e,r
r,e,v,o,k,e,d
a,c,c,r,e,d,i,t,e,d
c,o,n,f,l,i,c,t,s
n,o,n,r,e,s,i,d,e,n,t
u,r,b,a,n,i,z,e,d
s,u,b,s,i,d,i,z,e
s,u,b,j,e,c,t,s
i,n,c,o,r,p,o,r,a,t,e
d,e,l,i,n,q,u,e,n,c,y
w,o,r,k,l,o,a,d
n,o,m,i,n,a,t,e,d
s,h,i,p,m,e,n,t
a,l,l,o,t,t,e,d
l,a,b,e,l
d,a,t,e,t,h,i,s
m,e,s,s,a,g,e,s
a,c,a,d,e,m,i,e,s
m,e,t,r,i,c,s
r,e,c,o,r,d,e,d
t,a,r,g,e,t,s
l,a,b,o,r,m,a,n,a,g,e,m,e,n,t
u,p,g,r,a,d,e,s
t,a,n,g,i,b,l,e
c,o,d,e,s
s,u,p,e,r,v,i,s,o,r
p,r,i,n,c,i,p,a,l,s
f,a,i,l
c,o,p,i,e,s
a,m,e,n,d,m,e,n,t,s,s,e,c,t,i,o,n
a,t,r,i,s,k
a,u,d,i,o
t,r,a,c,k,i,n,g
a,u,t,o,m,a,t,i,c
f,i,n,e,s
a,d,d,r,e,s,s,e,s
e,m,p,o,w,e,r,m,e,n,t
t,r,a,n,s,p,o,r,t,e,d
p,r,i,c,e
m,x
i,m,m,i,g,r,a,n,t,s
a,d,j,u,d,i,c,a,t,i,o,n
r,u,s,s,e,l,l
f,u,n,d,a,m,e,n,t,a,l
i,n,t,e,r,c,i,t,y
r,e,a,d,y
a,r,s,o,n
d,e,a,d
c,o,m,m,a,n,d,a,n,t
d,i,s,c,h,a,r,g,e,s
s,e,w,a,r,d
r,e,g,u,l,a,r,l,y
d,i,o,x,i,d,e
r,e,s,o,l,v,i,n,g
e,x,e,r,c,i,s,e,s
s,u,b,g,r,a,n,t
n,e,t,t,i,n,g
p,r,i,s,o,n,s
t,a,n,k
m,o,n,e,y,s
c,o,n,s,o,l,i,d,a,t,e
r,e,q,u,i,r,e,d,n,o,t
c,o,n,c,l,u,s,i,o,n,s
w,i,t,h,h,o,l,d
f,o,c,u,s
i,m,a,g,e,r,y
a,c,c,o,u,n,t,a,b,l,e
i,n,d,e,m,n,i,t,y
c,o,n,d,i,t,i,o,n,a,l
i,n,t,e,n,t,i,o,n
n,a,v,a,j,o
c,h,r,o,n,i,c
a,l,l,o,c,a,t,i,n,g
r,e,l,a,t,i,o,n,s,h,i,p,s
c,h,i,e,f,s
d,e,b,r,i,s
r,o,u,t,e,s
e,l,d,e,r,l,y
p,l,e,d,g,e
s,a,l,v,a,g,e
h,o,w,e,v,e,r
m,o,v,i,n,g
l,a,t,e
m,a,t,u,r,i,t,y
e,x,p,l,o,r,a,t,i,o,n
d,e,f,e,r,r,a,l
a,r,c,h,i,t,e,c,t,u,r,a,l
a,u,t,h,e,n,t,i,c,a,t,i,o,n
g,s
t,i,c,k,e,t
v,e,r,i,f,y
p,o,u,n,d,s
d,i,s,r,e,g,a,r,d,e,d
w,h,i,s,t,l,e,b,l,o,w,e,r
s,h,i,p,p,i,n,g
v,e,s,t,e,d
d,e,l,e,g,a,t,i,o,n
i,m,p,l,a,n,t
j,u,d,g,m,e,n,t,s
g,a,i,n,s
c,d
a,d,m,i,r,a,l
t,i,m,i,n,g
r,e,s,o,l,u,t,i,o,n,s
r,o,y,a,l,t,i,e,s
c,h,a,r,g,e,a,b,l,e
l,a,n,d,o,w,n,e,r,s
c,o,m,p,a,r,i,s,o,n
n,o,n,d,i,s,c,r,i,m,i,n,a,t,o,r,y
w,i,r,e,l,e,s,s
a,c,c,i,d,e,n,t
b,r,o,k,e,r,s
p,e,s,t
f,e,r,t,i,l,i,t,y
p,r,o,m,p,t
t,o,r,t,u,r,e
b,e,l,a,r,u,s
h,o,l,d,s
p,h,a,r,m,a,c,y
d,i,e,s,e,l
c,o,o,p,e,r,a,t,i,n,g
b,e,v,e,r,a,g,e,s
o,u,t,c,o,m,e
a,g,g,r,e,s,s,i,o,n
r,e,c,o,n,s,i,d,e,r
g,u,a,r,d,i,a,n
b,o,r,d,e,r,s
v,a,c,c,i,n,e,s
f,a
i,m,p,r,o,p,e,r
i,n,t,e,r,f,e,r,e
c,u,r,r,i,c,u,l,u,m
h,i,g,h,p,e,r,f,o,r,m,a,n,c,e
c,o,u,r,t,h,o,u,s,e
s,u,f,f,e,r,e,d
e,n,c,o,u,r,a,g,i,n,g
i,n,d,o,n,e,s,i,a
c,h,a,l,l,e,n,g,i,n,g
h,e,a,l,t,h,y
c,a,r,i,b,b,e,a,n
p,e,r,s,o,n,a,l,l,y
f,e,l,o,n,y
a,c,c,o,m,p,a,n,y
w,r,i,t
e,x,c,h,a,n,g,e,s
r,e,v,i,e,w,t,h,e
i,n,t,e,r,c,h,a,n,g,e
l,i,s,t,s
i,n,t,e,n,d,i,n,g
c,h,a,r,a,c,t,e,r,i,z,a,t,i,o,n
s,e,t,t,l,e,m,e,n,t,s
g,r,a,i,n
d,r,e,d,g,e,d
w,i,l,l,f,u,l,l,y
c,a,n,a,l
n,e,w,l,y
s,u,b,h,e,a,d,i,n,g,s
f,a,v,o,r
t,r,a,n,s,f,e,r,r,i,n,g
a,s,s,i,g,n
t,r,a,i,n,e,d
l,e,n,d,e,r,s
p,u,b,l,i,c,p,r,i,v,a,t,e
r,e,n,t,s
d,e,c,e,d,e,n,t,s
w,o,r,k,s,h,o,p
m,e,a,n,i,n,g,f,u,l
w,o,m,e,n,s
c,a,r,d,s
c,o,u,n,c,i,l,s
e,x,c,l,u,d,e
d,o,n,a,t,e,d
h,o,m,e,l,e,s,s,n,e,s,s
e,n,f,o,r,c,e,d
r,i,c,h,a,r,d
c,r,o,s,s,i,n,g
m,a
r,e,f,e,r,s
a,c,c,e,s,s,i,o,n
v,i,s,i,t,o,r,s
t,r,i,b,u,n,a,l
b,e,l,i,e,v,e,d
e,l,e,c,t,r,o,n,i,c,a,l,l,y
t,e,r,m,i,n,a,t,e,s
c,o,v,e,r,i,n,g
p,o,l,a,n,d
i,t
m,i,n,n,e,s,o,t,a
c,l,i,n,i,c,s
m,e,a,s,u,r,e,d
c,o
o,p,e,r,a,t,e,s
e,n,h,a,n,c,e,m,e,n,t,s
f,a,c,t,u,a,l
c,o,c,h,r,a,n,i,n,o,u,y,e
s,p,o,u,s,e,s
d,i,s,m,i,s,s,a,l
b,a,g,g,a,g,e
t,o,w,n
a,l,l,e,g,i,n,g
r,e,s,p,o,n,d,i,n,g
p,r,o,m,u,l,g,a,t,i,o,n
o,v,e,r,h,e,a,d
d,e,m,i,n,i,n,g
g,o,l,d
c,a,r,e,g,i,v,e,r,s
s,t,u,d,y,t,h,e
d,e,d,i,c,a,t,e,d
p,r,i,n,t,e,r
w,h,e,e,l,i,n,g
u,n,r,e,a,s,o,n,a,b,l,e
c,o,n,g,r,e,s,s,t,h,e
a,c,c,e,l,e,r,a,t,e,d
r,e,g,u,l,a,t,o,r
s,g
v,e,t,o
a,p,p,r,o,v,e,s
a,r,r,e,s,t
i,d,e,n,t,i,c,a,l
p,e
f,o,r,m,e,d
m,u,n,i,c,i,p,a,l,i,t,y
s,e,l,l,e,r,s
i,n,i,t,i,a,t,i,o,n
b,e,a,r
n,e,g,l,e,c,t
t,e,n,a,n,t,b,a,s,e,d
p,u,r,c,h,a,s,i,n,g
e,l,e,c,t,i,o,n,e,e,r,i,n,g
c,r,o,s,s
m,a,s,s,a,c,h,u,s,e,t,t,s
i,n,t,r,a,s,t,a,t,e
w,a,t,e,r,w,a,y,s
o,p,p,o,s,i,t,i,o,n
s,e,t,t,i,n,g,s
e,s,e,a
v,a,l,u,a,t,i,o,n
f,l,o,w
n,l,d
s,p,e,c,i,a,l,i,s,t,s
p,a,y,i,n,g
t,r,a,c,k
e,x,p,i,r,e,s
s,u,p,e,r,i,n,t,e,n,d,e,n,t
h,a,n,d,i,c,a,p,p,e,d
g,e,o,t,h,e,r,m,a,l
b,a,t,t,e,r,i,e,s
r,e,l,i,a,n,c,e
c,a,p
p,l,a,i,n,t,i,f,f,s
h,o,m,e,o,w,n,e,r,s
c,o,n,g,r,e,s,s,i,t
t,h,a,n
l,o,w
p,r,o,s,e,c,u,t,e
b,l,o,o,d
p,a,c,k,a,g,e
r,e,c,o,r,d,i,n,g,s
l,a,n,e
r,e,s,p,o,n,s,i,v,e
p,e,r,m,i,s,s,i,b,l,e
t,e,r,m,i,n,a,l
c,o,n,g,r,e,s,s,n,o,t
t,a,k,e,n
r,e,a,c,h
s,e,i,z,e,d
l,i,g,h,t,i,n,g
d,y,i,n,g
s,i,g,n,a,t,u,r,e
a,l,l,i,e,d
c,o,n,s,p,i,r,a,c,y
i,l,l,i,t,e,r,a,c,y
v,a,r,i,a,n,c,e
i,o,w,a
a,q,u,a,t,i,c
t,o,l,l
r,e,s,o,l,v,e
r,e,g,u,l,a,t,o,r,s
a,m,e,r,i,c,a,n,m,a,d,e
c,a,l,l,e,d
r,e,a,c,t,o,r,s
o,f,f,s,h,o,r,e
d,i,v,e,r,s,i,o,n
c,l,a,s,s,r,o,o,m
g,a,r,d,e,n
l,i,k,e,l,i,h,o,o,d
c,h,i,n,e,s,e
f,u,l,f,i,l,l
b,u,l,k
t,r,i,g,g,e,r
i,n,t,e,r,a,c,t,i,v,e
e,n,g,a,g,e,m,e,n,t
o,t,h,e,r,s
r,e,n,e,w,e,d
b,i,o,g,r,a,p,h,i,c,a,l
c,a,u,s,e
m,i,r,r,o,r
c,o,n,d,i,t,i,o,n,s,t,h,e
e,s,t,a,b,l,i,s,h,m,e,n,t,t,h,e
t,r,a,c,t
d,i,s,r,u,p,t,i,o,n
o,r,d,i,n,a,r,y
s,p,o,n,s,o,r,i,n,g
s,t,r,e,n,g,t,h,s
r,e,s,o,l,v,e,d
i,n,s,t,r,u,c,t
e,r,r,o,n,e,o,u,s
e,a,r,t,h,q,u,a,k,e
e,n,r
l,a,t,e,r,a,l
i,n,v,e,n,t,o,r
e,x,p,e,r,i,e,n,c,e,d
c,u,s,t,o,d,i,a,n
c,a,r,r,y,o,v,e,r
m,i,n,o,r,i,t,i,e,s
e,x,t,r,a
r,a,w
d,e,c,r,e,e
c,o,m,m,e,n,c,i,n,g
r,e,b,a,t,e
t,r,e,e,s
u,n,d,e,s,i,g,n,a,t,e,d
f,e,c,a
d,i,s,a,r,m,a,m,e,n,t
h,a
t,o,w,n,s,h,i,p
c,o,n,v,e,n,t,i,o,n,a,l
d,e,f,w,i,d,e
s,u,b,s,i,d,i,e,s
m,o,n,u,m,e,n,t
r,o,u,t,i,n,e
n,e,e,d
s,t,e,w,a,r,d,s,h,i,p
r,a,n,c,h,e,r
e,a,s
i,n,s,t,i,t,u,t,e,d
b,i,o,m,a,t,e,r,i,a,l,s
p,o,s,e,d
t,e,s,t,e,d
m,e,g
a,d,v,a,n,t,a,g,e
p,r,o,c,u,r,e,m,e,n,t,s
s,n,e,t,t,i,s,h,a,m
d,i,s,p,l,a,y
r,u,n,n,i,n,g
s,a,m,p,l,e
c,i,t,i,e,s
a,b,d,u,c,t,e,d
a,m,o,r,t,i,z,a,t,i,o,n
c,o,n,t,i,n,u,o,u,s
c,o,n,s,i,s,t,s
t,r,a,c,e
n,e,a,r,e,s,t
a,f,f,i,l,i,a,t,i,o,n
e,x,e,m,p,t,e,d
w,i,t,n,e,s,s
s,t,o,r,e,d
p,a,s,s,i,v,e
d,o,n,o,v,a,n
w,i,s,c,o,n,s,i,n
l,i,n,c,o,l,n
v,i,r,u,s
e,g,y,p,t
x,i,i,i
f,u,r,t,h,e,r,a,n,c,e
n,o,i,s,e
r,o,u,n,d,e,d
v,i,e,t,n,a,m
s,y,n,d,r,o,m,e
a,p,p,a,l,a,c,h,i,a,n
a,u,t,h,o,r,i,z,e,s
i,n,t,r,o,d,u,c,t,i,o,n
h,a,r,d,s,h,i,p
s,e,v,e,r,a,n,c,e
p,a,p,e,r,s
s,e,l,f
u,n,d,e,r,g,o,i,n,g
c,o,m,m,e,r,c,i,a,l,i,z,a,t,i,o,n
i,m,a,g,i,n,g
r,a,d,i,a,t,i,o,n
p,r,e,s,c,r,i,b,i,n,g
l,i,a,i,s,o,n
g,a,s,o,l,i,n,e
l,u,n,g
p,u,r,c,h,a,s,e,r,s
u,n,d,e,r,w,r,i,t,i,n,g
e,l
w,e,t,l,a,n,d,s
d,e,a,d,l,i,n,e,s
t,h,r,e,a,t,e,n
e,x,p,e,d,i,t,e
t,e,m,p,o,r,a,r,i,l,y
e,s,t,a,b,l,i,s,h,m,e,n,t,t,h,e,r,e
a,l,t,e,r,i,n,g
r,o,l,l,o,v,e,r
a,l,l,o,w,i,n,g
d,r,i,v,i,n,g
r,e,s,p,o,n,d,e,n,t
r,a,c,i,a,l
n,a,n,c,e
m,i,l,e,s,t,o,n,e,s
p,o,l,l,i,n,g
h,i,s,t,o,r,i,c,a,l,l,y
c,a,r,l
e,l,e,c,t,i,v,e
c,o,n,v,e,r,t,e,d
c,o,u,n,t,e,d
s,e,r,v,i,c,e,s,t,h,e
f,a,l,l
r,e,a,u,t,h,o,r,i,z,e
b,e,g,i,n,n,i,n,g
d,e,c,e,n,n,i,a,l
b,l,o,c,k,i,n,g
b,o,t,a,n,i,c
u,p,o,n
q,u,e,s,t,i,o,n,s
t,e,n,t,a,t,i,v,e
r,e,a,c,h,e,d
l,e,a,d,i,n,g
r,i,g,h,t,s,o,f,w,a,y
g,a
t,r,e,s,p,a,s,s
c,o,n,t,r,o,l,l,i,n,g
e,l,s,e,w,h,e,r,e
t,o,u,r,i,s,m
d,e,t,e,c,t
p,r,o,f,i,c,i,e,n,c,y
p,o,i,n,t
g,u,i,l,t,y
c,h,a,i,r,m,e,n
s,t,a,r
p,r,i,o,r,i,t,i,z,e
d,i,s,q,u,a,l,i,f,i,e,d
r,e,c,o,r,d,k,e,e,p,i,n,g
l,i,m,i,t,i,n,g
u,n,i,v,e,r,s,a,l
f,e,r,r,y
s,u,b,s,t,a,n,t,i,v,e
o,w,n,s
m,a,g,i,s,t,r,a,t,e
p,e,r,k,i,n,s
e,x,p,o,r,t,a,t,i,o,n
c,o,n,s,u,l,t,a,n,t,s
d,e,f,i,n,i,t,i,o,n,i,n
g,o,v,e,r,n,a,n,c,e
r,e,c,a,l,l
e,x,c,e,p,t,i,o,n,t,h,e
e,a,r,l,i,e,s,t
b,o,r,r,o,w,i,n,g
g,r,a,n,t,s,i,n,a,i,d
c,o,m,p,e,n,s,a,t,o,r,y
e,x,p,e,d,i,t,i,o,u,s,l,y
c,o,n,t,a,c,t,s
w,h,o,l,e,s,a,l,e
c,h,a,n,n,e,l,s
s,t,a,t,i,o,n,e,d
t,r,a,c,k,e,d
e,n,g,i,n,e,e,r,s,c,i,v,i,l
p,r,o,c,u,r,e,d
d,i,s,p,a,r,a,t,e
i,n,f,o,r,m,a,t,i,o,n,t,h,e
o,c,c,u,p,a,t,i,o,n
m,a,x,i,m,i,z,e
b,l,a,n,k
t,i,t,l,e,d
b,e,d,s
t,r,o,u,b,l,e,d
p,r,i,m,e
f,a,i,l,i,n,g
b,f
e,m,p,l,o,y,s
s,u,b,c,o,n,t,r,a,c,t,o,r
s,u,b,s,t,i,t,u,t,e
e,x,c,e,s,s,i,v,e
s,h,i,p,p,e,d
d,r,i,v,e,r
a,c,c,o,m,p,l,i,s,h
i,n,v,e,s,t,o,r
i,n,i,t,i,a,l,l,y
w,e,t,l,a,n,d
r,e,m,u,n,e,r,a,t,i,o,n
p,l,a,n,t,h,e
p,e,r,t,i,n,e,n,t
p,r,o,p,o,s,e
r,e,s,i,d,e,n,c,e,s
b,e,h,a,v,i,o,r
c,i,r,c,u,m,v,e,n,t,i,o,n
t,r,e,a,t,i,n,g
u,n,p,r,o,f,o,r
s,e,c,u,r,i,t,y,b,a,s,e,d
m,i,t,i,g,a,t,i,n,g
p,r,o,p,r,i,e,t,a,r,y
z,e,r,o
c,o,s,t,o,f,l,i,v,i,n,g
i,n,d,i,a,n,a
g,s,t
u,r,g,e,n,t
l,i,b,e,r,t,y
e,x,c,e,p,t,i,o,n,t,h,i,s
d,e,a,f
h,y,d,r,o,e,l,e,c,t,r,i,c
b,e,l,i,e,v,e,s
p,a,r,c,e,l,s
c,o,n,f,o,r,m
s,i,m,p,l,i,f,i,e,d
r,e,u,s,e
r,o,l,e,s
i,n,t,e,r
e,x,c,e,e,d,e,d
r,e,d,e,v,e,l,o,p,m,e,n,t
n,o,r,t,h,w,e,s,t
p,a,s,s
d,e,l,t,a
t,r,a,n,s,p,o,r,t,i,n,g
l,e,d
i,n,d,i,c,a,t,o,r
f,e,t,u,s,e,s
c,e,a,s,e,s
a,c,c,o,r,d
e,m,b,a,r,g,o
r,e,l,o,c,a,t,e
c,o,n,s,i,d,e,r,a,t,i,o,n,s
p,r,e,v,e,n,t,i,v,e
l,a,p,s,e
p,r,o,b,a,t,i,o,n
s,t,a,t,i,n,g
a,c,c,e,l,e,r,a,t,i,o,n
